

 Parallel Execution: Process Information
 ==============================================================================
 Rank   Node Name                              NodeID   MyNodeRank  NodeMaster
    0   x122.nifl.fysik.dtu.dk                    0          0          0
    1   x122.nifl.fysik.dtu.dk                    0          1         -1
    2   x122.nifl.fysik.dtu.dk                    0          2         -1
    3   x122.nifl.fysik.dtu.dk                    0          3         -1
 ==============================================================================


May use up to 61053MB of RAM as shared memory on node 0

 *******************************************************************************
 *                                                                             *
 *  --------------------------------                                           *
 *   Amsterdam Modeling Suite (AMS)              2025.103                      *
 *  --------------------------------                                           *
 *                                               r250613 2025-06-13 56c684d2   *
 *                                                                             *
 *                                                                             *
 *                              =================                              *
 *                              |               |                              *
 *                              |     A M S     |                              *
 *                              |               |                              *
 *                              =================                              *
 *                                                                             *
 *                                                                             *
 *   Online information and documentation:  https://www.scm.com/support/       *
 *   E-mail:  support@scm.com   info@scm.com                                   *
 *                                                                             *
 *   Scientific publications using AMS results must be properly referenced     *
 *   See the User Manuals (or the web site) for recommended citations          *
 *   The terms and conditions of the End User License Agreement apply to       *
 *   the use of AMS, https://www.scm.com/license-terms/                        *
 *                                                                             *
 **********************  x86_64_linux_intel / intelmpi  ************************
 
 Licensed to: Prof. Tejs Vegge / Technical University of Denmark / DENMARK 2025-12-23 18:03:22
 SCM User ID: u18925
  
 AMS 2025.103  RunTime: Feb05-2026 18:38:50  ShM Nodes: 1  Procs: 4

 AMS jobname: BQDS_fukui
 AMS jobid  : 2124211173

 Start   directory: /home/energy/antse/BQDS/Michael_addition/moldyn/conceptualDFT/
 Results directory: /home/energy/antse/BQDS/Michael_addition/moldyn/conceptualDFT/BQDS_fukui.results/
 Scratch directory: /tmp/amstmp_BQDS_fukui_kid0.2124211173/


 Communication costs MPI_COMM_WORLD:      1.062 usec per message,   0.0042 usec per 8-byte item
 Communication costs for intra-node:      1.055 usec per message,   0.0042 usec per 8-byte item

 RNG seed: 1040058997 794161930 -1265303513 -2037872923 838863423 689173725 879244614 1135138912



                      ************************************************************************
                      *  ADF 2025.103  RunTime: Feb05-2026 18:38:51  ShM Nodes: 1  Procs: 4  *
                      ************************************************************************
  

       ****************************
       * SINGLE POINT CALCULATION *
       ****************************
 
--------
Geometry
--------
Formula: C6H4O8S2
Atoms
  Index Symbol   x (angstrom)   y (angstrom)   z (angstrom)
      1      O     0.09509781     1.18713693     3.22271696
      2      C     0.03868152     0.74695477     2.11253505
      3      C    -1.23384734     0.33164012     1.47398154
      4      C    -1.24058981    -0.19689008     0.24463020
      5      S    -2.77187642    -0.71394970    -0.48119619
      6      O    -3.86304761    -0.36044548     0.36670239
      7      O    -2.65595663    -2.05841595    -0.94371506
      8      O    -2.71717793     0.28731963    -1.73650760
      9      C    -0.05365493    -0.41635877    -0.54682170
     10      C     1.14348285    -0.05135482    -0.06445014
     11      S     2.60652533    -0.37420233    -1.03190632
     12      O     3.35020550    -1.39657130    -0.37253175
     13      O     2.22451093    -0.52285627    -2.39251149
     14      O     3.37546366     1.00884512    -0.90933678
     15      C     1.33173219     0.59583516     1.24455996
     16      O     2.38400028     1.01920156     1.63875741
     17      H    -2.14343694     0.46738286     2.04899228
     18      H    -3.48086565     0.20002565    -2.32086662
     19      H    -0.15587277    -0.87369079    -1.52546575
     20      H     3.76652597     1.12069370    -0.02746639
 
Total System Charge             0.00000
 
 
----------------
ADF Engine Input
----------------
 
 Basis
 Type TZP
 Core None
 End
 Save TAPE10
 XC
 MetaHybrid M06-2X
 End
 Title FDL_N0
 Relativity
 Level None
 End
 NumericalQuality VeryGood
 ConceptualDFT
 End
 QTAIM
 Enabled Yes
 AnalysisLevel Full
 End
 

 Title: FDL_N0

 *** adf ***



 ===========================
 A T T A C H E D   F I L E S
 ===========================
  



 ===============================
 M O D E L   P A R A M E T E R S
 ===============================
  
 DENSITY FUNCTIONAL POTENTIAL (scf)
    Meta-Hybrid:                       M06-2X                                  == Not Default ==

 SPIN  (restricted / unrestr.)
    Molecule:                          Restricted                               
    Fragments:                         Restricted                               

 OTHER ASPECTS
    Relativistic Corrections:          ---                                     == Not Default ==

    Nuclear Charge Density Model:      Point Charge Nuclei                      
    Core Treatment:                    Frozen Orbital(s)                        

    Hyperfine or Zeeman Interaction:   ---                                      


 Fragment File(s)
 ----------------
 O:
         file : /home/energy/antse/BQDS/Michael_addition/moldyn/conceptualDFT/BQDS_fukui.results/t21.1FA81AB6.O
         jobid: 0
         title: Oxygen (TZP)
 C:
         file : /home/energy/antse/BQDS/Michael_addition/moldyn/conceptualDFT/BQDS_fukui.results/t21.732B6A1.C
         jobid: 0
         title: Carbon (TZP)
 S:
         file : /home/energy/antse/BQDS/Michael_addition/moldyn/conceptualDFT/BQDS_fukui.results/t21.38CC5303.S
         jobid: 0
         title: Sulphur (TZP)
 H:
         file : /home/energy/antse/BQDS/Michael_addition/moldyn/conceptualDFT/BQDS_fukui.results/t21.15D6B6D1.H
         jobid: 0
         title: Hydrogen (TZP)



 ===============
 G E O M E T R Y  ***  3D  Molecule  ***
 ===============
  

 ATOMS
 =====                            X Y Z                    CHARGE
                                (Angstrom)             Nucl     +Core       At.Mass
                       --------------------------    ----------------       -------
    1  O               0.0951    1.1871    3.2227      8.00      8.00       15.9949
    2  C               0.0387    0.7470    2.1125      6.00      6.00       12.0000
    3  C              -1.2338    0.3316    1.4740      6.00      6.00       12.0000
    4  C              -1.2406   -0.1969    0.2446      6.00      6.00       12.0000
    5  S              -2.7719   -0.7139   -0.4812     16.00     16.00       31.9721
    6  O              -3.8630   -0.3604    0.3667      8.00      8.00       15.9949
    7  O              -2.6560   -2.0584   -0.9437      8.00      8.00       15.9949
    8  O              -2.7172    0.2873   -1.7365      8.00      8.00       15.9949
    9  C              -0.0537   -0.4164   -0.5468      6.00      6.00       12.0000
   10  C               1.1435   -0.0514   -0.0645      6.00      6.00       12.0000
   11  S               2.6065   -0.3742   -1.0319     16.00     16.00       31.9721
   12  O               3.3502   -1.3966   -0.3725      8.00      8.00       15.9949
   13  O               2.2245   -0.5229   -2.3925      8.00      8.00       15.9949
   14  O               3.3755    1.0088   -0.9093      8.00      8.00       15.9949
   15  C               1.3317    0.5958    1.2446      6.00      6.00       12.0000
   16  O               2.3840    1.0192    1.6388      8.00      8.00       15.9949
   17  H              -2.1434    0.4674    2.0490      1.00      1.00        1.0078
   18  H              -3.4809    0.2000   -2.3209      1.00      1.00        1.0078
   19  H              -0.1559   -0.8737   -1.5255      1.00      1.00        1.0078
   20  H               3.7665    1.1207   -0.0275      1.00      1.00        1.0078


 FRAGMENTS
 =========                                     Atoms in this Fragment     Cart. coord.s (Angstrom)
                                               -------------------------------------------------------
    1  O                                                 1  O            0.0951    1.1871    3.2227
    2  O                                                 6  O           -3.8630   -0.3604    0.3667
    3  O                                                 7  O           -2.6560   -2.0584   -0.9437
    4  O                                                 8  O           -2.7172    0.2873   -1.7365
    5  O                                                12  O            3.3502   -1.3966   -0.3725
    6  O                                                13  O            2.2245   -0.5229   -2.3925
    7  O                                                14  O            3.3755    1.0088   -0.9093
    8  O                                                16  O            2.3840    1.0192    1.6388
    9  C                                                 2  C            0.0387    0.7470    2.1125
   10  C                                                 3  C           -1.2338    0.3316    1.4740
   11  C                                                 4  C           -1.2406   -0.1969    0.2446
   12  C                                                 9  C           -0.0537   -0.4164   -0.5468
   13  C                                                10  C            1.1435   -0.0514   -0.0645
   14  C                                                15  C            1.3317    0.5958    1.2446
   15  S                                                 5  S           -2.7719   -0.7139   -0.4812
   16  S                                                11  S            2.6065   -0.3742   -1.0319
   17  H                                                17  H           -2.1434    0.4674    2.0490
   18  H                                                18  H           -3.4809    0.2000   -2.3209
   19  H                                                19  H           -0.1559   -0.8737   -1.5255
   20  H                                                20  H            3.7665    1.1207   -0.0275



 =====================================
 S Y M M E T R Y ,   E L E C T R O N S
 =====================================
  
 Symmetry: NOSYM

 Irreducible Representations, including subspecies
 -------------------------------------------------
 A

 Symmetry is NOT used when fitting density


 Configuration of Valence Electrons
 ==================================
 ( determined in the SCF procedure )

 Total:   136

 Net Charge: 0 (Nuclei minus Electrons)

 Aufbau principle for MO occupations will be applied through SCF cycle no.     150
 Thereafter, the program will assign electrons to MOs that are spatially
 similar to the occupied MOs in a "reference" cycle ("KeepOrbitals").
 The reference cycle is always the PREVIOUS cycle: it will evolve with
 the SCF procedure.
 ***************************************************************************************************



                                      ****************************************
                                      *  B U I L D : (Fragments, Functions)  *
                                      ****************************************
  



 =======
 S F O s  ***  (Symmetrized Fragment Orbitals)  ***
 =======
  
 SFOs are linear combinations of (valence) Fragment Orbitals (FOs), such that the SFOs transform as the
 irreducible representations of the (molecular) symmetry group. Each SFO is therefore characterized by
 an irrep of the molecule and by a few (or only one) generating FOs.
 The SFOs constitute a symmetry-adapted basis for the Fock matrix. The MO eigenvector coefficients in
 this basis provide a direct interpretation of the MOs in terms of Frontier Orbital Theory.

 The SFOs are combined with auxiliary Core Functions (CFs) to ensure orthogonalization on the (frozen)
 Core Orbitals (COs). The Core-orthogonalized SFOs (CSFOs) constitute the true Fock basis.

 The FOs, and hence also the (C)SFOs are combinations of the elementary basis functions (BAS). The basis
 functions that participate in the description of the SFOs depend on the irrep. The indices of the
 involved functions are printed below for each irrep.
 (The complete list of primitive basis functions is printed in another section)

 Total nr. of (C)SFOs (summation over all irreps) :   344

 NOTE: a (C)SFO that is defined as a combination of more than one FO is usually NOT normalized.



                                       === A ===
 Nr. of SFOs :  344
 Cartesian basis functions that participate in this irrep (total number =   360) :
      1     2     3     4     5     6     9    12     7    10
     13     8    11    14    15    16    17    18    19    20
     21    22    23    24    25    26    29    32    27    30
     33    28    31    34    35    36    37    38    39    40
     41    42    43    44    45    46    49    52    47    50
     53    48    51    54    55    56    57    58    59    60
     61    62    63    64    65    66    69    72    67    70
     73    68    71    74    75    76    77    78    79    80
     81    82    83    84    85    86    89    92    87    90
     93    88    91    94    95    96    97    98    99   100
    101   102   103   104   105   106   109   112   107   110
    113   108   111   114   115   116   117   118   119   120
    121   122   123   124   125   126   129   132   127   130
    133   128   131   134   135   136   137   138   139   140
    141   142   143   144   145   146   149   152   147   150
    153   148   151   154   155   156   157   158   159   160
    161   162   163   164   165   166   169   172   167   170
    173   168   171   174   175   176   177   178   179   180
    181   182   183   184   185   186   189   192   187   190
    193   188   191   194   195   196   197   198   199   200
    201   202   203   204   205   206   209   212   207   210
    213   208   211   214   215   216   217   218   219   220
    221   222   223   224   225   226   229   232   227   230
    233   228   231   234   235   236   237   238   239   240
    241   242   243   244   245   246   249   252   247   250
    253   248   251   254   255   256   257   258   259   260
    261   262   263   264   265   266   269   272   267   270
    273   268   271   274   275   276   277   278   279   280
    281   282   283   284   291   292   293   285   288   294
    297   300   286   289   295   298   301   287   290   296
    299   302   303   304   305   306   307   308   309   310
    311   312   319   320   321   313   316   322   325   328
    314   317   323   326   329   315   318   324   327   330
    331   332   333   334   335   336   337   338   339   340
    341   342   343   344   345   346   347   348   349   350
    351   352   353   354   355   356   357   358   359   360

    SFO  (index         Fragment          Generating    Expansion in Fragment Orbitals
  indx  incl.CFs)   Occup   Orb.Energy   FragmentType  Coeff.   Orbital     on Fragment
 --------------------------------------------------------------------------------------
     1       1      2.000     -19.829 au  O             1.00      1 S               1
                        (    -539.585 eV)
     2       2      2.000      -1.098 au  O             1.00      2 S               1
                        (     -29.866 eV)
     3       3       --         0.893 au  O             1.00      3 S               1
                        (      24.306 eV)
     4       4       --        13.864 au  O             1.00      4 S               1
                        (     377.246 eV)
     5       5       --       122.958 au  O             1.00      5 S               1
                        (    3345.852 eV)
     6       6      1.333      -0.395 au  O             1.00      1 P:x             1
                        (     -10.744 eV)
     7       7       --         0.433 au  O             1.00      2 P:x             1
                        (      11.793 eV)
     8       8       --         4.058 au  O             1.00      3 P:x             1
                        (     110.419 eV)
     9       9      1.333      -0.395 au  O             1.00      1 P:y             1
                        (     -10.744 eV)
    10      10       --         0.433 au  O             1.00      2 P:y             1
                        (      11.793 eV)
    11      11       --         4.058 au  O             1.00      3 P:y             1
                        (     110.419 eV)
    12      12      1.333      -0.395 au  O             1.00      1 P:z             1
                        (     -10.744 eV)
    13      13       --         0.433 au  O             1.00      2 P:z             1
                        (      11.793 eV)
    14      14       --         4.058 au  O             1.00      3 P:z             1
                        (     110.419 eV)
    15      15       --         1.171 au  O             1.00      1 D:z2            1
                        (      31.875 eV)
    16      16       --         1.171 au  O             1.00      1 D:x2-y2         1
                        (      31.875 eV)
    17      17       --         1.171 au  O             1.00      1 D:xy            1
                        (      31.875 eV)
    18      18       --         1.171 au  O             1.00      1 D:xz            1
                        (      31.875 eV)
    19      19       --         1.171 au  O             1.00      1 D:yz            1
                        (      31.875 eV)
    20      20      2.000     -19.829 au  O             1.00      1 S               2
                        (    -539.585 eV)
    21      21      2.000      -1.098 au  O             1.00      2 S               2
                        (     -29.866 eV)
    22      22       --         0.893 au  O             1.00      3 S               2
                        (      24.306 eV)
    23      23       --        13.864 au  O             1.00      4 S               2
                        (     377.246 eV)
    24      24       --       122.958 au  O             1.00      5 S               2
                        (    3345.852 eV)
    25      25      1.333      -0.395 au  O             1.00      1 P:x             2
                        (     -10.744 eV)
    26      26       --         0.433 au  O             1.00      2 P:x             2
                        (      11.793 eV)
    27      27       --         4.058 au  O             1.00      3 P:x             2
                        (     110.419 eV)
    28      28      1.333      -0.395 au  O             1.00      1 P:y             2
                        (     -10.744 eV)
    29      29       --         0.433 au  O             1.00      2 P:y             2
                        (      11.793 eV)
    30      30       --         4.058 au  O             1.00      3 P:y             2
                        (     110.419 eV)
    31      31      1.333      -0.395 au  O             1.00      1 P:z             2
                        (     -10.744 eV)
    32      32       --         0.433 au  O             1.00      2 P:z             2
                        (      11.793 eV)
    33      33       --         4.058 au  O             1.00      3 P:z             2
                        (     110.419 eV)
    34      34       --         1.171 au  O             1.00      1 D:z2            2
                        (      31.875 eV)
    35      35       --         1.171 au  O             1.00      1 D:x2-y2         2
                        (      31.875 eV)
    36      36       --         1.171 au  O             1.00      1 D:xy            2
                        (      31.875 eV)
    37      37       --         1.171 au  O             1.00      1 D:xz            2
                        (      31.875 eV)
    38      38       --         1.171 au  O             1.00      1 D:yz            2
                        (      31.875 eV)
    39      39      2.000     -19.829 au  O             1.00      1 S               3
                        (    -539.585 eV)
    40      40      2.000      -1.098 au  O             1.00      2 S               3
                        (     -29.866 eV)
    41      41       --         0.893 au  O             1.00      3 S               3
                        (      24.306 eV)
    42      42       --        13.864 au  O             1.00      4 S               3
                        (     377.246 eV)
    43      43       --       122.958 au  O             1.00      5 S               3
                        (    3345.852 eV)
    44      44      1.333      -0.395 au  O             1.00      1 P:x             3
                        (     -10.744 eV)
    45      45       --         0.433 au  O             1.00      2 P:x             3
                        (      11.793 eV)
    46      46       --         4.058 au  O             1.00      3 P:x             3
                        (     110.419 eV)
    47      47      1.333      -0.395 au  O             1.00      1 P:y             3
                        (     -10.744 eV)
    48      48       --         0.433 au  O             1.00      2 P:y             3
                        (      11.793 eV)
    49      49       --         4.058 au  O             1.00      3 P:y             3
                        (     110.419 eV)
    50      50      1.333      -0.395 au  O             1.00      1 P:z             3
                        (     -10.744 eV)
    51      51       --         0.433 au  O             1.00      2 P:z             3
                        (      11.793 eV)
    52      52       --         4.058 au  O             1.00      3 P:z             3
                        (     110.419 eV)
    53      53       --         1.171 au  O             1.00      1 D:z2            3
                        (      31.875 eV)
    54      54       --         1.171 au  O             1.00      1 D:x2-y2         3
                        (      31.875 eV)
    55      55       --         1.171 au  O             1.00      1 D:xy            3
                        (      31.875 eV)
    56      56       --         1.171 au  O             1.00      1 D:xz            3
                        (      31.875 eV)
    57      57       --         1.171 au  O             1.00      1 D:yz            3
                        (      31.875 eV)
    58      58      2.000     -19.829 au  O             1.00      1 S               4
                        (    -539.585 eV)
    59      59      2.000      -1.098 au  O             1.00      2 S               4
                        (     -29.866 eV)
    60      60       --         0.893 au  O             1.00      3 S               4
                        (      24.306 eV)
    61      61       --        13.864 au  O             1.00      4 S               4
                        (     377.246 eV)
    62      62       --       122.958 au  O             1.00      5 S               4
                        (    3345.852 eV)
    63      63      1.333      -0.395 au  O             1.00      1 P:x             4
                        (     -10.744 eV)
    64      64       --         0.433 au  O             1.00      2 P:x             4
                        (      11.793 eV)
    65      65       --         4.058 au  O             1.00      3 P:x             4
                        (     110.419 eV)
    66      66      1.333      -0.395 au  O             1.00      1 P:y             4
                        (     -10.744 eV)
    67      67       --         0.433 au  O             1.00      2 P:y             4
                        (      11.793 eV)
    68      68       --         4.058 au  O             1.00      3 P:y             4
                        (     110.419 eV)
    69      69      1.333      -0.395 au  O             1.00      1 P:z             4
                        (     -10.744 eV)
    70      70       --         0.433 au  O             1.00      2 P:z             4
                        (      11.793 eV)
    71      71       --         4.058 au  O             1.00      3 P:z             4
                        (     110.419 eV)
    72      72       --         1.171 au  O             1.00      1 D:z2            4
                        (      31.875 eV)
    73      73       --         1.171 au  O             1.00      1 D:x2-y2         4
                        (      31.875 eV)
    74      74       --         1.171 au  O             1.00      1 D:xy            4
                        (      31.875 eV)
    75      75       --         1.171 au  O             1.00      1 D:xz            4
                        (      31.875 eV)
    76      76       --         1.171 au  O             1.00      1 D:yz            4
                        (      31.875 eV)
    77      77      2.000     -19.829 au  O             1.00      1 S               5
                        (    -539.585 eV)
    78      78      2.000      -1.098 au  O             1.00      2 S               5
                        (     -29.866 eV)
    79      79       --         0.893 au  O             1.00      3 S               5
                        (      24.306 eV)
    80      80       --        13.864 au  O             1.00      4 S               5
                        (     377.246 eV)
    81      81       --       122.958 au  O             1.00      5 S               5
                        (    3345.852 eV)
    82      82      1.333      -0.395 au  O             1.00      1 P:x             5
                        (     -10.744 eV)
    83      83       --         0.433 au  O             1.00      2 P:x             5
                        (      11.793 eV)
    84      84       --         4.058 au  O             1.00      3 P:x             5
                        (     110.419 eV)
    85      85      1.333      -0.395 au  O             1.00      1 P:y             5
                        (     -10.744 eV)
    86      86       --         0.433 au  O             1.00      2 P:y             5
                        (      11.793 eV)
    87      87       --         4.058 au  O             1.00      3 P:y             5
                        (     110.419 eV)
    88      88      1.333      -0.395 au  O             1.00      1 P:z             5
                        (     -10.744 eV)
    89      89       --         0.433 au  O             1.00      2 P:z             5
                        (      11.793 eV)
    90      90       --         4.058 au  O             1.00      3 P:z             5
                        (     110.419 eV)
    91      91       --         1.171 au  O             1.00      1 D:z2            5
                        (      31.875 eV)
    92      92       --         1.171 au  O             1.00      1 D:x2-y2         5
                        (      31.875 eV)
    93      93       --         1.171 au  O             1.00      1 D:xy            5
                        (      31.875 eV)
    94      94       --         1.171 au  O             1.00      1 D:xz            5
                        (      31.875 eV)
    95      95       --         1.171 au  O             1.00      1 D:yz            5
                        (      31.875 eV)
    96      96      2.000     -19.829 au  O             1.00      1 S               6
                        (    -539.585 eV)
    97      97      2.000      -1.098 au  O             1.00      2 S               6
                        (     -29.866 eV)
    98      98       --         0.893 au  O             1.00      3 S               6
                        (      24.306 eV)
    99      99       --        13.864 au  O             1.00      4 S               6
                        (     377.246 eV)
   100     100       --       122.958 au  O             1.00      5 S               6
                        (    3345.852 eV)
   101     101      1.333      -0.395 au  O             1.00      1 P:x             6
                        (     -10.744 eV)
   102     102       --         0.433 au  O             1.00      2 P:x             6
                        (      11.793 eV)
   103     103       --         4.058 au  O             1.00      3 P:x             6
                        (     110.419 eV)
   104     104      1.333      -0.395 au  O             1.00      1 P:y             6
                        (     -10.744 eV)
   105     105       --         0.433 au  O             1.00      2 P:y             6
                        (      11.793 eV)
   106     106       --         4.058 au  O             1.00      3 P:y             6
                        (     110.419 eV)
   107     107      1.333      -0.395 au  O             1.00      1 P:z             6
                        (     -10.744 eV)
   108     108       --         0.433 au  O             1.00      2 P:z             6
                        (      11.793 eV)
   109     109       --         4.058 au  O             1.00      3 P:z             6
                        (     110.419 eV)
   110     110       --         1.171 au  O             1.00      1 D:z2            6
                        (      31.875 eV)
   111     111       --         1.171 au  O             1.00      1 D:x2-y2         6
                        (      31.875 eV)
   112     112       --         1.171 au  O             1.00      1 D:xy            6
                        (      31.875 eV)
   113     113       --         1.171 au  O             1.00      1 D:xz            6
                        (      31.875 eV)
   114     114       --         1.171 au  O             1.00      1 D:yz            6
                        (      31.875 eV)
   115     115      2.000     -19.829 au  O             1.00      1 S               7
                        (    -539.585 eV)
   116     116      2.000      -1.098 au  O             1.00      2 S               7
                        (     -29.866 eV)
   117     117       --         0.893 au  O             1.00      3 S               7
                        (      24.306 eV)
   118     118       --        13.864 au  O             1.00      4 S               7
                        (     377.246 eV)
   119     119       --       122.958 au  O             1.00      5 S               7
                        (    3345.852 eV)
   120     120      1.333      -0.395 au  O             1.00      1 P:x             7
                        (     -10.744 eV)
   121     121       --         0.433 au  O             1.00      2 P:x             7
                        (      11.793 eV)
   122     122       --         4.058 au  O             1.00      3 P:x             7
                        (     110.419 eV)
   123     123      1.333      -0.395 au  O             1.00      1 P:y             7
                        (     -10.744 eV)
   124     124       --         0.433 au  O             1.00      2 P:y             7
                        (      11.793 eV)
   125     125       --         4.058 au  O             1.00      3 P:y             7
                        (     110.419 eV)
   126     126      1.333      -0.395 au  O             1.00      1 P:z             7
                        (     -10.744 eV)
   127     127       --         0.433 au  O             1.00      2 P:z             7
                        (      11.793 eV)
   128     128       --         4.058 au  O             1.00      3 P:z             7
                        (     110.419 eV)
   129     129       --         1.171 au  O             1.00      1 D:z2            7
                        (      31.875 eV)
   130     130       --         1.171 au  O             1.00      1 D:x2-y2         7
                        (      31.875 eV)
   131     131       --         1.171 au  O             1.00      1 D:xy            7
                        (      31.875 eV)
   132     132       --         1.171 au  O             1.00      1 D:xz            7
                        (      31.875 eV)
   133     133       --         1.171 au  O             1.00      1 D:yz            7
                        (      31.875 eV)
   134     134      2.000     -19.829 au  O             1.00      1 S               8
                        (    -539.585 eV)
   135     135      2.000      -1.098 au  O             1.00      2 S               8
                        (     -29.866 eV)
   136     136       --         0.893 au  O             1.00      3 S               8
                        (      24.306 eV)
   137     137       --        13.864 au  O             1.00      4 S               8
                        (     377.246 eV)
   138     138       --       122.958 au  O             1.00      5 S               8
                        (    3345.852 eV)
   139     139      1.333      -0.395 au  O             1.00      1 P:x             8
                        (     -10.744 eV)
   140     140       --         0.433 au  O             1.00      2 P:x             8
                        (      11.793 eV)
   141     141       --         4.058 au  O             1.00      3 P:x             8
                        (     110.419 eV)
   142     142      1.333      -0.395 au  O             1.00      1 P:y             8
                        (     -10.744 eV)
   143     143       --         0.433 au  O             1.00      2 P:y             8
                        (      11.793 eV)
   144     144       --         4.058 au  O             1.00      3 P:y             8
                        (     110.419 eV)
   145     145      1.333      -0.395 au  O             1.00      1 P:z             8
                        (     -10.744 eV)
   146     146       --         0.433 au  O             1.00      2 P:z             8
                        (      11.793 eV)
   147     147       --         4.058 au  O             1.00      3 P:z             8
                        (     110.419 eV)
   148     148       --         1.171 au  O             1.00      1 D:z2            8
                        (      31.875 eV)
   149     149       --         1.171 au  O             1.00      1 D:x2-y2         8
                        (      31.875 eV)
   150     150       --         1.171 au  O             1.00      1 D:xy            8
                        (      31.875 eV)
   151     151       --         1.171 au  O             1.00      1 D:xz            8
                        (      31.875 eV)
   152     152       --         1.171 au  O             1.00      1 D:yz            8
                        (      31.875 eV)
   153     153      2.000     -10.738 au  C             1.00      1 S               9
                        (    -292.202 eV)
   154     154      2.000      -0.646 au  C             1.00      2 S               9
                        (     -17.581 eV)
   155     155       --         0.433 au  C             1.00      3 S               9
                        (      11.786 eV)
   156     156       --         5.564 au  C             1.00      4 S               9
                        (     151.402 eV)
   157     157       --        50.241 au  C             1.00      5 S               9
                        (    1367.136 eV)
   158     158      0.667      -0.174 au  C             1.00      1 P:x             9
                        (      -4.724 eV)
   159     159       --         0.227 au  C             1.00      2 P:x             9
                        (       6.178 eV)
   160     160       --         2.146 au  C             1.00      3 P:x             9
                        (      58.398 eV)
   161     161      0.667      -0.174 au  C             1.00      1 P:y             9
                        (      -4.724 eV)
   162     162       --         0.227 au  C             1.00      2 P:y             9
                        (       6.178 eV)
   163     163       --         2.146 au  C             1.00      3 P:y             9
                        (      58.398 eV)
   164     164      0.667      -0.174 au  C             1.00      1 P:z             9
                        (      -4.724 eV)
   165     165       --         0.227 au  C             1.00      2 P:z             9
                        (       6.178 eV)
   166     166       --         2.146 au  C             1.00      3 P:z             9
                        (      58.398 eV)
   167     167       --         1.327 au  C             1.00      1 D:z2            9
                        (      36.114 eV)
   168     168       --         1.327 au  C             1.00      1 D:x2-y2         9
                        (      36.114 eV)
   169     169       --         1.327 au  C             1.00      1 D:xy            9
                        (      36.114 eV)
   170     170       --         1.327 au  C             1.00      1 D:xz            9
                        (      36.114 eV)
   171     171       --         1.327 au  C             1.00      1 D:yz            9
                        (      36.114 eV)
   172     172      2.000     -10.738 au  C             1.00      1 S              10
                        (    -292.202 eV)
   173     173      2.000      -0.646 au  C             1.00      2 S              10
                        (     -17.581 eV)
   174     174       --         0.433 au  C             1.00      3 S              10
                        (      11.786 eV)
   175     175       --         5.564 au  C             1.00      4 S              10
                        (     151.402 eV)
   176     176       --        50.241 au  C             1.00      5 S              10
                        (    1367.136 eV)
   177     177      0.667      -0.174 au  C             1.00      1 P:x            10
                        (      -4.724 eV)
   178     178       --         0.227 au  C             1.00      2 P:x            10
                        (       6.178 eV)
   179     179       --         2.146 au  C             1.00      3 P:x            10
                        (      58.398 eV)
   180     180      0.667      -0.174 au  C             1.00      1 P:y            10
                        (      -4.724 eV)
   181     181       --         0.227 au  C             1.00      2 P:y            10
                        (       6.178 eV)
   182     182       --         2.146 au  C             1.00      3 P:y            10
                        (      58.398 eV)
   183     183      0.667      -0.174 au  C             1.00      1 P:z            10
                        (      -4.724 eV)
   184     184       --         0.227 au  C             1.00      2 P:z            10
                        (       6.178 eV)
   185     185       --         2.146 au  C             1.00      3 P:z            10
                        (      58.398 eV)
   186     186       --         1.327 au  C             1.00      1 D:z2           10
                        (      36.114 eV)
   187     187       --         1.327 au  C             1.00      1 D:x2-y2        10
                        (      36.114 eV)
   188     188       --         1.327 au  C             1.00      1 D:xy           10
                        (      36.114 eV)
   189     189       --         1.327 au  C             1.00      1 D:xz           10
                        (      36.114 eV)
   190     190       --         1.327 au  C             1.00      1 D:yz           10
                        (      36.114 eV)
   191     191      2.000     -10.738 au  C             1.00      1 S              11
                        (    -292.202 eV)
   192     192      2.000      -0.646 au  C             1.00      2 S              11
                        (     -17.581 eV)
   193     193       --         0.433 au  C             1.00      3 S              11
                        (      11.786 eV)
   194     194       --         5.564 au  C             1.00      4 S              11
                        (     151.402 eV)
   195     195       --        50.241 au  C             1.00      5 S              11
                        (    1367.136 eV)
   196     196      0.667      -0.174 au  C             1.00      1 P:x            11
                        (      -4.724 eV)
   197     197       --         0.227 au  C             1.00      2 P:x            11
                        (       6.178 eV)
   198     198       --         2.146 au  C             1.00      3 P:x            11
                        (      58.398 eV)
   199     199      0.667      -0.174 au  C             1.00      1 P:y            11
                        (      -4.724 eV)
   200     200       --         0.227 au  C             1.00      2 P:y            11
                        (       6.178 eV)
   201     201       --         2.146 au  C             1.00      3 P:y            11
                        (      58.398 eV)
   202     202      0.667      -0.174 au  C             1.00      1 P:z            11
                        (      -4.724 eV)
   203     203       --         0.227 au  C             1.00      2 P:z            11
                        (       6.178 eV)
   204     204       --         2.146 au  C             1.00      3 P:z            11
                        (      58.398 eV)
   205     205       --         1.327 au  C             1.00      1 D:z2           11
                        (      36.114 eV)
   206     206       --         1.327 au  C             1.00      1 D:x2-y2        11
                        (      36.114 eV)
   207     207       --         1.327 au  C             1.00      1 D:xy           11
                        (      36.114 eV)
   208     208       --         1.327 au  C             1.00      1 D:xz           11
                        (      36.114 eV)
   209     209       --         1.327 au  C             1.00      1 D:yz           11
                        (      36.114 eV)
   210     210      2.000     -10.738 au  C             1.00      1 S              12
                        (    -292.202 eV)
   211     211      2.000      -0.646 au  C             1.00      2 S              12
                        (     -17.581 eV)
   212     212       --         0.433 au  C             1.00      3 S              12
                        (      11.786 eV)
   213     213       --         5.564 au  C             1.00      4 S              12
                        (     151.402 eV)
   214     214       --        50.241 au  C             1.00      5 S              12
                        (    1367.136 eV)
   215     215      0.667      -0.174 au  C             1.00      1 P:x            12
                        (      -4.724 eV)
   216     216       --         0.227 au  C             1.00      2 P:x            12
                        (       6.178 eV)
   217     217       --         2.146 au  C             1.00      3 P:x            12
                        (      58.398 eV)
   218     218      0.667      -0.174 au  C             1.00      1 P:y            12
                        (      -4.724 eV)
   219     219       --         0.227 au  C             1.00      2 P:y            12
                        (       6.178 eV)
   220     220       --         2.146 au  C             1.00      3 P:y            12
                        (      58.398 eV)
   221     221      0.667      -0.174 au  C             1.00      1 P:z            12
                        (      -4.724 eV)
   222     222       --         0.227 au  C             1.00      2 P:z            12
                        (       6.178 eV)
   223     223       --         2.146 au  C             1.00      3 P:z            12
                        (      58.398 eV)
   224     224       --         1.327 au  C             1.00      1 D:z2           12
                        (      36.114 eV)
   225     225       --         1.327 au  C             1.00      1 D:x2-y2        12
                        (      36.114 eV)
   226     226       --         1.327 au  C             1.00      1 D:xy           12
                        (      36.114 eV)
   227     227       --         1.327 au  C             1.00      1 D:xz           12
                        (      36.114 eV)
   228     228       --         1.327 au  C             1.00      1 D:yz           12
                        (      36.114 eV)
   229     229      2.000     -10.738 au  C             1.00      1 S              13
                        (    -292.202 eV)
   230     230      2.000      -0.646 au  C             1.00      2 S              13
                        (     -17.581 eV)
   231     231       --         0.433 au  C             1.00      3 S              13
                        (      11.786 eV)
   232     232       --         5.564 au  C             1.00      4 S              13
                        (     151.402 eV)
   233     233       --        50.241 au  C             1.00      5 S              13
                        (    1367.136 eV)
   234     234      0.667      -0.174 au  C             1.00      1 P:x            13
                        (      -4.724 eV)
   235     235       --         0.227 au  C             1.00      2 P:x            13
                        (       6.178 eV)
   236     236       --         2.146 au  C             1.00      3 P:x            13
                        (      58.398 eV)
   237     237      0.667      -0.174 au  C             1.00      1 P:y            13
                        (      -4.724 eV)
   238     238       --         0.227 au  C             1.00      2 P:y            13
                        (       6.178 eV)
   239     239       --         2.146 au  C             1.00      3 P:y            13
                        (      58.398 eV)
   240     240      0.667      -0.174 au  C             1.00      1 P:z            13
                        (      -4.724 eV)
   241     241       --         0.227 au  C             1.00      2 P:z            13
                        (       6.178 eV)
   242     242       --         2.146 au  C             1.00      3 P:z            13
                        (      58.398 eV)
   243     243       --         1.327 au  C             1.00      1 D:z2           13
                        (      36.114 eV)
   244     244       --         1.327 au  C             1.00      1 D:x2-y2        13
                        (      36.114 eV)
   245     245       --         1.327 au  C             1.00      1 D:xy           13
                        (      36.114 eV)
   246     246       --         1.327 au  C             1.00      1 D:xz           13
                        (      36.114 eV)
   247     247       --         1.327 au  C             1.00      1 D:yz           13
                        (      36.114 eV)
   248     248      2.000     -10.738 au  C             1.00      1 S              14
                        (    -292.202 eV)
   249     249      2.000      -0.646 au  C             1.00      2 S              14
                        (     -17.581 eV)
   250     250       --         0.433 au  C             1.00      3 S              14
                        (      11.786 eV)
   251     251       --         5.564 au  C             1.00      4 S              14
                        (     151.402 eV)
   252     252       --        50.241 au  C             1.00      5 S              14
                        (    1367.136 eV)
   253     253      0.667      -0.174 au  C             1.00      1 P:x            14
                        (      -4.724 eV)
   254     254       --         0.227 au  C             1.00      2 P:x            14
                        (       6.178 eV)
   255     255       --         2.146 au  C             1.00      3 P:x            14
                        (      58.398 eV)
   256     256      0.667      -0.174 au  C             1.00      1 P:y            14
                        (      -4.724 eV)
   257     257       --         0.227 au  C             1.00      2 P:y            14
                        (       6.178 eV)
   258     258       --         2.146 au  C             1.00      3 P:y            14
                        (      58.398 eV)
   259     259      0.667      -0.174 au  C             1.00      1 P:z            14
                        (      -4.724 eV)
   260     260       --         0.227 au  C             1.00      2 P:z            14
                        (       6.178 eV)
   261     261       --         2.146 au  C             1.00      3 P:z            14
                        (      58.398 eV)
   262     262       --         1.327 au  C             1.00      1 D:z2           14
                        (      36.114 eV)
   263     263       --         1.327 au  C             1.00      1 D:x2-y2        14
                        (      36.114 eV)
   264     264       --         1.327 au  C             1.00      1 D:xy           14
                        (      36.114 eV)
   265     265       --         1.327 au  C             1.00      1 D:xz           14
                        (      36.114 eV)
   266     266       --         1.327 au  C             1.00      1 D:yz           14
                        (      36.114 eV)
   267     267      2.000     -89.987 au  S             1.00      1 S              15
                        (   -2448.672 eV)
   268     268      2.000      -8.338 au  S             1.00      2 S              15
                        (    -226.876 eV)
   269     269      2.000      -0.772 au  S             1.00      3 S              15
                        (     -21.008 eV)
   270     270       --         0.254 au  S             1.00      4 S              15
                        (       6.901 eV)
   271     271       --         2.133 au  S             1.00      5 S              15
                        (      58.033 eV)
   272     272       --        12.937 au  S             1.00      6 S              15
                        (     352.034 eV)
   273     273       --       200.572 au  S             1.00      7 S              15
                        (    5457.847 eV)
   274     274      2.000      -6.252 au  S             1.00      1 P:x            15
                        (    -170.123 eV)
   275     275      1.333      -0.294 au  S             1.00      2 P:x            15
                        (      -8.010 eV)
   276     276       --         0.177 au  S             1.00      3 P:x            15
                        (       4.822 eV)
   277     277       --         1.296 au  S             1.00      4 P:x            15
                        (      35.267 eV)
   278     278       --        13.412 au  S             1.00      5 P:x            15
                        (     364.961 eV)
   279     279      2.000      -6.252 au  S             1.00      1 P:y            15
                        (    -170.123 eV)
   280     280      1.333      -0.294 au  S             1.00      2 P:y            15
                        (      -8.010 eV)
   281     281       --         0.177 au  S             1.00      3 P:y            15
                        (       4.822 eV)
   282     282       --         1.296 au  S             1.00      4 P:y            15
                        (      35.267 eV)
   283     283       --        13.412 au  S             1.00      5 P:y            15
                        (     364.961 eV)
   284     284      2.000      -6.252 au  S             1.00      1 P:z            15
                        (    -170.123 eV)
   285     285      1.333      -0.294 au  S             1.00      2 P:z            15
                        (      -8.010 eV)
   286     286       --         0.177 au  S             1.00      3 P:z            15
                        (       4.822 eV)
   287     287       --         1.296 au  S             1.00      4 P:z            15
                        (      35.267 eV)
   288     288       --        13.412 au  S             1.00      5 P:z            15
                        (     364.961 eV)
   289     289       --         0.541 au  S             1.00      1 D:z2           15
                        (      14.724 eV)
   290     290       --         0.541 au  S             1.00      1 D:x2-y2        15
                        (      14.724 eV)
   291     291       --         0.541 au  S             1.00      1 D:xy           15
                        (      14.724 eV)
   292     292       --         0.541 au  S             1.00      1 D:xz           15
                        (      14.724 eV)
   293     293       --         0.541 au  S             1.00      1 D:yz           15
                        (      14.724 eV)
   294     294      2.000     -89.987 au  S             1.00      1 S              16
                        (   -2448.672 eV)
   295     295      2.000      -8.338 au  S             1.00      2 S              16
                        (    -226.876 eV)
   296     296      2.000      -0.772 au  S             1.00      3 S              16
                        (     -21.008 eV)
   297     297       --         0.254 au  S             1.00      4 S              16
                        (       6.901 eV)
   298     298       --         2.133 au  S             1.00      5 S              16
                        (      58.033 eV)
   299     299       --        12.937 au  S             1.00      6 S              16
                        (     352.034 eV)
   300     300       --       200.572 au  S             1.00      7 S              16
                        (    5457.847 eV)
   301     301      2.000      -6.252 au  S             1.00      1 P:x            16
                        (    -170.123 eV)
   302     302      1.333      -0.294 au  S             1.00      2 P:x            16
                        (      -8.010 eV)
   303     303       --         0.177 au  S             1.00      3 P:x            16
                        (       4.822 eV)
   304     304       --         1.296 au  S             1.00      4 P:x            16
                        (      35.267 eV)
   305     305       --        13.412 au  S             1.00      5 P:x            16
                        (     364.961 eV)
   306     306      2.000      -6.252 au  S             1.00      1 P:y            16
                        (    -170.123 eV)
   307     307      1.333      -0.294 au  S             1.00      2 P:y            16
                        (      -8.010 eV)
   308     308       --         0.177 au  S             1.00      3 P:y            16
                        (       4.822 eV)
   309     309       --         1.296 au  S             1.00      4 P:y            16
                        (      35.267 eV)
   310     310       --        13.412 au  S             1.00      5 P:y            16
                        (     364.961 eV)
   311     311      2.000      -6.252 au  S             1.00      1 P:z            16
                        (    -170.123 eV)
   312     312      1.333      -0.294 au  S             1.00      2 P:z            16
                        (      -8.010 eV)
   313     313       --         0.177 au  S             1.00      3 P:z            16
                        (       4.822 eV)
   314     314       --         1.296 au  S             1.00      4 P:z            16
                        (      35.267 eV)
   315     315       --        13.412 au  S             1.00      5 P:z            16
                        (     364.961 eV)
   316     316       --         0.541 au  S             1.00      1 D:z2           16
                        (      14.724 eV)
   317     317       --         0.541 au  S             1.00      1 D:x2-y2        16
                        (      14.724 eV)
   318     318       --         0.541 au  S             1.00      1 D:xy           16
                        (      14.724 eV)
   319     319       --         0.541 au  S             1.00      1 D:xz           16
                        (      14.724 eV)
   320     320       --         0.541 au  S             1.00      1 D:yz           16
                        (      14.724 eV)
   321     321      1.000      -0.241 au  H             1.00      1 S              17
                        (      -6.547 eV)
   322     322       --         0.133 au  H             1.00      2 S              17
                        (       3.632 eV)
   323     323       --         1.528 au  H             1.00      3 S              17
                        (      41.591 eV)
   324     324       --         0.464 au  H             1.00      1 P:x            17
                        (      12.639 eV)
   325     325       --         0.464 au  H             1.00      1 P:y            17
                        (      12.639 eV)
   326     326       --         0.464 au  H             1.00      1 P:z            17
                        (      12.639 eV)
   327     327      1.000      -0.241 au  H             1.00      1 S              18
                        (      -6.547 eV)
   328     328       --         0.133 au  H             1.00      2 S              18
                        (       3.632 eV)
   329     329       --         1.528 au  H             1.00      3 S              18
                        (      41.591 eV)
   330     330       --         0.464 au  H             1.00      1 P:x            18
                        (      12.639 eV)
   331     331       --         0.464 au  H             1.00      1 P:y            18
                        (      12.639 eV)
   332     332       --         0.464 au  H             1.00      1 P:z            18
                        (      12.639 eV)
   333     333      1.000      -0.241 au  H             1.00      1 S              19
                        (      -6.547 eV)
   334     334       --         0.133 au  H             1.00      2 S              19
                        (       3.632 eV)
   335     335       --         1.528 au  H             1.00      3 S              19
                        (      41.591 eV)
   336     336       --         0.464 au  H             1.00      1 P:x            19
                        (      12.639 eV)
   337     337       --         0.464 au  H             1.00      1 P:y            19
                        (      12.639 eV)
   338     338       --         0.464 au  H             1.00      1 P:z            19
                        (      12.639 eV)
   339     339      1.000      -0.241 au  H             1.00      1 S              20
                        (      -6.547 eV)
   340     340       --         0.133 au  H             1.00      2 S              20
                        (       3.632 eV)
   341     341       --         1.528 au  H             1.00      3 S              20
                        (      41.591 eV)
   342     342       --         0.464 au  H             1.00      1 P:x            20
                        (      12.639 eV)
   343     343       --         0.464 au  H             1.00      1 P:y            20
                        (      12.639 eV)
   344     344       --         0.464 au  H             1.00      1 P:z            20
                        (      12.639 eV)



 ================================
 (Slater-type)  F U N C T I O N S  ***  (Basis and Fit)  ***
 ================================
  

 Atom Type    1  (O)
 ==============

 Valence Basis Sets:   9
 -----------------------
   1 S    9.800000
   1 S    6.800000
   2 S    7.580000
   2 S    2.880000
   2 S    1.720000
   2 P    4.080000
   2 P    2.080000
   2 P    1.120000
   3 D    2.000000

 Charge Fitting Sets (for the computation of the Coulomb Potential):  22
 -----------------------------------------------------------------------
   1 S   19.600000
   2 S   22.600000
   2 S   15.680000
   2 S   10.890000
   2 S    7.560000
   3 S    7.690000
   3 S    5.650000
   3 S    4.150000
   3 S    3.050000
   3 S    2.240000
   2 P   12.860000
   2 P    7.680000
   3 P    6.780000
   3 P    4.390000
   3 P    2.840000
   3 D    8.800000
   3 D    5.580000
   3 D    3.530000
   3 D    2.240000
   4 F    6.200000
   4 F    3.700000
   5 G    4.500000

 Atom Type    2  (C)
 ==============

 Valence Basis Sets:   9
 -----------------------
   1 S    7.680000
   1 S    5.000000
   2 S    1.280000
   2 S    2.100000
   2 S    4.600000
   2 P    0.820000
   2 P    1.480000
   2 P    2.940000
   3 D    2.200000

 Charge Fitting Sets (for the computation of the Coulomb Potential):  22
 -----------------------------------------------------------------------
   1 S   15.360000
   2 S   17.530000
   2 S   12.070000
   2 S    8.310000
   2 S    5.730000
   3 S    5.780000
   3 S    4.220000
   3 S    3.080000
   3 S    2.250000
   3 S    1.640000
   2 P    9.880000
   2 P    5.800000
   3 P    5.050000
   3 P    3.230000
   3 P    2.060000
   3 D    7.200000
   3 D    4.400000
   3 D    2.690000
   3 D    1.640000
   4 F    5.400000
   4 F    3.550000
   5 G    4.500000

 Atom Type    3  (S)
 ==============

 Valence Basis Sets:  13
 -----------------------
   1 S   19.400000
   1 S   14.350000
   2 S    5.900000
   2 S    4.250000
   2 P    8.050000
   2 P    4.550000
   3 S    3.450000
   3 S    2.250000
   3 S    1.500000
   3 P    2.650000
   3 P    1.600000
   3 P    1.000000
   3 D    2.100000

 Charge Fitting Sets (for the computation of the Coulomb Potential):  30
 -----------------------------------------------------------------------
   1 S   38.800000
   1 S   23.350000
   2 S   26.020000
   2 S   17.570000
   3 S   17.420000
   3 S   12.500000
   3 S    8.980000
   4 S    8.520000
   4 S    6.360000
   4 S    4.750000
   5 S    4.420000
   5 S    3.390000
   5 S    2.600000
   5 S    2.000000
   2 P   27.450000
   3 P   20.250000
   4 P   14.920000
   4 P    8.780000
   5 P    6.520000
   5 P    4.040000
   5 P    2.500000
   3 D   20.900000
   4 D   14.560000
   4 D    8.130000
   5 D    5.740000
   5 D    3.390000
   5 D    2.000000
   4 F    5.000000
   4 F    3.000000
   5 G    3.620000

 Atom Type    4  (H)
 ==============

 Valence Basis Sets:   4
 -----------------------
   1 S    0.690000
   1 S    0.920000
   1 S    1.580000
   2 P    1.250000

 Charge Fitting Sets (for the computation of the Coulomb Potential):  11
 -----------------------------------------------------------------------
   1 S    3.160000
   1 S    2.090000
   1 S    1.380000
   2 S    1.500000
   2 P    4.000000
   2 P    2.650000
   2 P    1.750000
   3 D    4.000000
   3 D    2.500000
   4 F    3.000000
   5 G    4.000000


 BAS: List of all Elementary Cartesian Basis Functions
 =====================================================

 The numbering in the list below (to the right of the function characteristics) is referred
 to in print-outs of MO eigenvectors and Mulliken populations in the BAS representation
 (as contrasted to the SFO representation).

 Notes:
 1. The functions are characterized by a polynomial prefactor (powers of x,y,z and r) and
    an exponential decay factor alpha.
 2. Since the basis sets are specific for an atom TYPE, the individual functions occur on
    all atoms of that type.
 3. The word 'Core' in the left margin signals that it is a Core Function (CF) : not a
    degree of freedom in the valence set, but only used to ensure orthogonalization of
    the other valence basis functions on the frozen Core Orbitals.


 (power of) X  Y  Z  R     Alpha  on Atom
            ==========     =====     ==========

 O                                    1    2    3    4    5    6    7    8
                                  ---------------------------------------------------------------------------
            0  0  0  0     9.800      1   21   41   61   81  101  121  141
            0  0  0  0     6.800      2   22   42   62   82  102  122  142
            0  0  0  1     7.580      3   23   43   63   83  103  123  143
            0  0  0  1     2.880      4   24   44   64   84  104  124  144
            0  0  0  1     1.720      5   25   45   65   85  105  125  145
            1  0  0  0     4.080      6   26   46   66   86  106  126  146
            0  1  0  0     4.080      7   27   47   67   87  107  127  147
            0  0  1  0     4.080      8   28   48   68   88  108  128  148
            1  0  0  0     2.080      9   29   49   69   89  109  129  149
            0  1  0  0     2.080     10   30   50   70   90  110  130  150
            0  0  1  0     2.080     11   31   51   71   91  111  131  151
            1  0  0  0     1.120     12   32   52   72   92  112  132  152
            0  1  0  0     1.120     13   33   53   73   93  113  133  153
            0  0  1  0     1.120     14   34   54   74   94  114  134  154
            2  0  0  0     2.000     15   35   55   75   95  115  135  155
            1  1  0  0     2.000     16   36   56   76   96  116  136  156
            1  0  1  0     2.000     17   37   57   77   97  117  137  157
            0  2  0  0     2.000     18   38   58   78   98  118  138  158
            0  1  1  0     2.000     19   39   59   79   99  119  139  159
            0  0  2  0     2.000     20   40   60   80  100  120  140  160

 C                                    9   10   11   12   13   14
                                  ---------------------------------------------------------------------------
            0  0  0  0     7.680    161  181  201  221  241  261
            0  0  0  0     5.000    162  182  202  222  242  262
            0  0  0  1     1.280    163  183  203  223  243  263
            0  0  0  1     2.100    164  184  204  224  244  264
            0  0  0  1     4.600    165  185  205  225  245  265
            1  0  0  0     0.820    166  186  206  226  246  266
            0  1  0  0     0.820    167  187  207  227  247  267
            0  0  1  0     0.820    168  188  208  228  248  268
            1  0  0  0     1.480    169  189  209  229  249  269
            0  1  0  0     1.480    170  190  210  230  250  270
            0  0  1  0     1.480    171  191  211  231  251  271
            1  0  0  0     2.940    172  192  212  232  252  272
            0  1  0  0     2.940    173  193  213  233  253  273
            0  0  1  0     2.940    174  194  214  234  254  274
            2  0  0  0     2.200    175  195  215  235  255  275
            1  1  0  0     2.200    176  196  216  236  256  276
            1  0  1  0     2.200    177  197  217  237  257  277
            0  2  0  0     2.200    178  198  218  238  258  278
            0  1  1  0     2.200    179  199  219  239  259  279
            0  0  2  0     2.200    180  200  220  240  260  280

 S                                   15   16
                                  ---------------------------------------------------------------------------
            0  0  0  0    19.400    281  309
            0  0  0  0    14.350    282  310
            0  0  0  1     5.900    283  311
            0  0  0  1     4.250    284  312
            1  0  0  0     8.050    285  313
            0  1  0  0     8.050    286  314
            0  0  1  0     8.050    287  315
            1  0  0  0     4.550    288  316
            0  1  0  0     4.550    289  317
            0  0  1  0     4.550    290  318
            0  0  0  2     3.450    291  319
            0  0  0  2     2.250    292  320
            0  0  0  2     1.500    293  321
            1  0  0  1     2.650    294  322
            0  1  0  1     2.650    295  323
            0  0  1  1     2.650    296  324
            1  0  0  1     1.600    297  325
            0  1  0  1     1.600    298  326
            0  0  1  1     1.600    299  327
            1  0  0  1     1.000    300  328
            0  1  0  1     1.000    301  329
            0  0  1  1     1.000    302  330
            2  0  0  0     2.100    303  331
            1  1  0  0     2.100    304  332
            1  0  1  0     2.100    305  333
            0  2  0  0     2.100    306  334
            0  1  1  0     2.100    307  335
            0  0  2  0     2.100    308  336

 H                                   17   18   19   20
                                  ---------------------------------------------------------------------------
            0  0  0  0     0.690    337  343  349  355
            0  0  0  0     0.920    338  344  350  356
            0  0  0  0     1.580    339  345  351  357
            1  0  0  0     1.250    340  346  352  358
            0  1  0  0     1.250    341  347  353  359
            0  0  1  0     1.250    342  348  354  360

 Total number of charge fitting functions (nprimf)      1588
 Total number of Cartesian basis functions (naos)        360
 Total number of Cartesian core functions  (ncos)          0

 ***************************************************************************************************



                                              ***********************
                                              *  T E C H N I C A L  *
                                              ***********************
  



 =============================================================
 P A R A L L E L I Z A T I O N  and  V E C T O R I Z A T I O N
 =============================================================
  
 Nr of parallel processes:                                4
 Maximum vector length in NumInt loops:                 128



 =====================
 S C F   U P D A T E S
 =====================
  
 Max. nr. of cycles:                               300
 Convergence criterion:                              0.0000010000
   secondary criterion:                              0.0010000000

 Mix parameter (when DIIS does not apply):           0.2000000000
 Mixed ADIIS+SDIIS will be used                  
    Max number of expansion vectors:                10
    Pure ADIIS when Max([F,P]) is above              0.1000000000
    Pure SDIIS when Max([F,P]) is below              0.0010000000
 Automatic ElectronSmearing (in case of problematic SCF convergence) disabled



 =================
 P R E C I S I O N  ***  (General: NumInt, NeglectFunctionTails, ...)  ***
 =================
  

 NumInt:           Target precision:                 8.0000000000
 -------           Initial precision:                8.0000000000
                   Min. precision (optimization):    8.0000000000

 Neglect Functions:          Basis functions:        0.1000000000E-09
 ------------------          Fit functions:          0.1000000000E-09



 ===========================
 L I N E A R   S C A L I N G
 ===========================
  

 Cut-off radii density fit:                        0.1000000000E-11
 Overlap cut-off criterion AO matrix elements:     0.1000000000E-09
 Cut-offs for Coulomb potential and fitted density:0.1000000000E-11
 Cut-off criterion for Coulomb multipole terms:    0.1000000000E-11
 Progressive Convergence parameter:                 0.000000000    
 ***************************************************************************************************



                                            ***************************
                                            *  C O M P U T A T I O N  *
                                            ***************************
  

 Number of elements of the density matrix on this node (used, total):     16271     64980
 Numerically sensitive XC: Boost radial integration grid.
 Radial integration boost factor: 3.00000000000000



 ===========================================
 Numerical Integration : Fuzzy Cells (Becke)
 ===========================================
  
 Becke grid quality: VERYGOOD       
  
 Lebedev angular grid order:             min:  13 max:  41
 Nr. of radial points:                   min: 192 max: 256

 Total nr. of points:    1474451
 Nr. of blocks:            11520
 Block length:               128
 Nr. of dummy points:        109


 Test of Precision of the Numerical Integration Grid
 ===================================================

 Integral of the Total Core Density:                   0.00000000000000



 ========================
 Density Fitting (zlmFit)
 ========================
  
 ZlmFit Fit Quality: VERYGOOD       
  
 Max L-expansion:                        min:   9 max:  10
 Nr. of radial interpolation points:     min: 120 max: 180



 ======================
 RI Hartree-Fock Scheme
 ======================
  
 Fit Set Quality     : VERYGOOD
 Threshold Quality   : VERYGOOD
 Integration Quality : VERYGOOD
 Fit Generation Method : AUTO
 Response Quality    : DEFAULT
 Is Range Separated  :  F
 
 RIHartreeFock Dependency: number of modified vectors: 11



 =====
 S C F  ***  ScaSCF  ***
 =====
  
 Initial density matrix is calculated as sum of fragments

 CYCLE    1
 SCF Error: norm([F,P])=     11.253491999168, max([F,P])=      1.595348646897
 orbitals (Q,E):
 ---------------
 A :59...78          ( 2.00    -0.5168)  ( 2.00    -0.5052)  ( 2.00    -0.5023)  ( 2.00    -0.4911)
                     ( 2.00    -0.4813)  ( 2.00    -0.4752)  ( 2.00    -0.4676)  ( 2.00    -0.4629)
                     ( 2.00    -0.4012)  ( 2.00    -0.3852)  ( 0.00    -0.2937)  ( 0.00    -0.1484)
                     ( 0.00    -0.1443)  ( 0.00    -0.0596)  ( 0.00    -0.0371)  ( 0.00    -0.0306)
                     ( 0.00    -0.0157)  ( 0.00    -0.0016)  ( 0.00     0.0026)  ( 0.00     0.0128)

 CYCLE    2
   MIX coefficients:  0.8000  0.2000
 SCF Error: norm([F,P])=      1.919167794773, max([F,P])=      0.203131441863
 orbitals (Q,E):
 ---------------
 A :59...69          ( 2.00    -0.4956)  ( 2.00    -0.4793)  ( 2.00    -0.4781)  ( 2.00    -0.4688)
                     ( 2.00    -0.4574)  ( 2.00    -0.4506)  ( 2.00    -0.4487)  ( 2.00    -0.4423)
                     ( 2.00    -0.3974)  ( 2.00    -0.3746)  ( 0.00    -0.2664)

 CYCLE    3
  SDIIS (wt  0.000): -1.0093  2.0093
 A-DIIS (wt  1.000):  0.0000  1.0000
  DIIS coefficients:  0.0000  1.0000
 SCF Error: norm([F,P])=      1.024880116836, max([F,P])=      0.096776022190
 orbitals (Q,E):
 ---------------
 A :59...69          ( 2.00    -0.4396)  ( 2.00    -0.4281)  ( 2.00    -0.4236)  ( 2.00    -0.4146)
                     ( 2.00    -0.4044)  ( 2.00    -0.3952)  ( 2.00    -0.3818)  ( 2.00    -0.3703)
                     ( 2.00    -0.3592)  ( 2.00    -0.3366)  ( 0.00    -0.1473)

 CYCLE    4
  SDIIS (wt  0.000):  0.3945  0.0306  0.5748
 A-DIIS (wt  1.000):  0.0000  0.6072  0.3928
  DIIS coefficients:  0.0000  0.6072  0.3928
 SCF Error: norm([F,P])=      1.379010259398, max([F,P])=      0.146202286953
 orbitals (Q,E):
 ---------------
 A :59...69          ( 2.00    -0.4642)  ( 2.00    -0.4522)  ( 2.00    -0.4464)  ( 2.00    -0.4394)
                     ( 2.00    -0.4295)  ( 2.00    -0.4271)  ( 2.00    -0.4184)  ( 2.00    -0.4115)
                     ( 2.00    -0.3615)  ( 2.00    -0.3592)  ( 0.00    -0.1471)

 CYCLE    5
  SDIIS (wt  0.796): -0.1182  0.3380  0.0605  0.7197
 A-DIIS (wt  0.204):  0.0000  0.0000  0.0000  1.0000
  DIIS coefficients: -0.0941  0.2690  0.0481  0.7769
 SCF Error: norm([F,P])=      0.148197103848, max([F,P])=      0.021203993429
 orbitals (Q,E):
 ---------------
 A :59...69          ( 2.00    -0.4720)  ( 2.00    -0.4577)  ( 2.00    -0.4536)  ( 2.00    -0.4475)
                     ( 2.00    -0.4404)  ( 2.00    -0.4370)  ( 2.00    -0.4226)  ( 2.00    -0.4166)
                     ( 2.00    -0.3855)  ( 2.00    -0.3721)  ( 0.00    -0.1630)

 CYCLE    6
  SDIIS (wt  0.860):  0.0406 -0.0678 -0.0077  0.3897  0.6453
 A-DIIS (wt  0.140):  0.0000  0.0000  0.0000  0.2750  0.7250
  DIIS coefficients:  0.0349 -0.0583 -0.0067  0.3737  0.6564
 SCF Error: norm([F,P])=      0.102892089545, max([F,P])=      0.014838602463
 orbitals (Q,E):
 ---------------
 A :59...69          ( 2.00    -0.4715)  ( 2.00    -0.4573)  ( 2.00    -0.4538)  ( 2.00    -0.4482)
                     ( 2.00    -0.4408)  ( 2.00    -0.4368)  ( 2.00    -0.4217)  ( 2.00    -0.4176)
                     ( 2.00    -0.3792)  ( 2.00    -0.3737)  ( 0.00    -0.1586)

 CYCLE    7
  SDIIS (wt  0.965):  0.0142 -0.0372 -0.0109  0.1294  0.3004  0.6041
 A-DIIS (wt  0.035):  0.0000  0.0000  0.0000  0.0000  0.0000  1.0000
  DIIS coefficients:  0.0137 -0.0359 -0.0106  0.1249  0.2899  0.6179
 SCF Error: norm([F,P])=      0.021721876839, max([F,P])=      0.004444532525
 orbitals (Q,E):
 ---------------
 A :59...69          ( 2.00    -0.4712)  ( 2.00    -0.4568)  ( 2.00    -0.4531)  ( 2.00    -0.4475)
                     ( 2.00    -0.4395)  ( 2.00    -0.4358)  ( 2.00    -0.4218)  ( 2.00    -0.4171)
                     ( 2.00    -0.3778)  ( 2.00    -0.3723)  ( 0.00    -0.1571)

 CYCLE    8
  SDIIS (wt  0.998): -0.0014 -0.0042 -0.0043  0.0002  0.0258  0.2709  0.7130
 A-DIIS (wt  0.002):  0.0000  0.0000  0.0000  0.0000  0.0000  0.0000  1.0000
  DIIS coefficients: -0.0014 -0.0042 -0.0043  0.0002  0.0257  0.2705  0.7135
 SCF Error: norm([F,P])=      0.007257564469, max([F,P])=      0.001162494474
 orbitals (Q,E):
 ---------------
 A :59...69          ( 2.00    -0.4711)  ( 2.00    -0.4567)  ( 2.00    -0.4531)  ( 2.00    -0.4473)
                     ( 2.00    -0.4397)  ( 2.00    -0.4359)  ( 2.00    -0.4217)  ( 2.00    -0.4169)
                     ( 2.00    -0.3780)  ( 2.00    -0.3725)  ( 0.00    -0.1569)

 CYCLE    9
  SDIIS (wt  1.000): -0.0011  0.0010 -0.0002 -0.0119 -0.0207  0.0515  0.2936  0.6878
  DIIS coefficients: -0.0011  0.0010 -0.0002 -0.0119 -0.0207  0.0515  0.2936  0.6878
 SCF Error: norm([F,P])=      0.002320661118, max([F,P])=      0.000368018673
 orbitals (Q,E):
 ---------------
 A :59...69          ( 2.00    -0.4711)  ( 2.00    -0.4567)  ( 2.00    -0.4531)  ( 2.00    -0.4475)
                     ( 2.00    -0.4398)  ( 2.00    -0.4359)  ( 2.00    -0.4216)  ( 2.00    -0.4169)
                     ( 2.00    -0.3781)  ( 2.00    -0.3727)  ( 0.00    -0.1571)

 CYCLE   10
  SDIIS (wt  1.000):  0.0004  0.0003  0.0009 -0.0066 -0.0167 -0.0187  0.0296  0.3552  0.6556
  DIIS coefficients:  0.0004  0.0003  0.0009 -0.0066 -0.0167 -0.0187  0.0296  0.3552  0.6556
 SCF Error: norm([F,P])=      0.001180897940, max([F,P])=      0.000165957186
 orbitals (Q,E):
 ---------------
 A :59...69          ( 2.00    -0.4711)  ( 2.00    -0.4567)  ( 2.00    -0.4532)  ( 2.00    -0.4474)
                     ( 2.00    -0.4398)  ( 2.00    -0.4359)  ( 2.00    -0.4216)  ( 2.00    -0.4169)
                     ( 2.00    -0.3781)  ( 2.00    -0.3727)  ( 0.00    -0.1570)

 CYCLE   11
  SDIIS (wt  1.000):  0.0000  0.0003  0.0001 -0.0006 -0.0038 -0.0100 -0.0179  0.0371  0.1964  0.7983
  DIIS coefficients:  0.0000  0.0003  0.0001 -0.0006 -0.0038 -0.0100 -0.0179  0.0371  0.1964  0.7983
 SCF Error: norm([F,P])=      0.000288338820, max([F,P])=      0.000047023090
 orbitals (Q,E):
 ---------------
 A :59...69          ( 2.00    -0.4711)  ( 2.00    -0.4567)  ( 2.00    -0.4531)  ( 2.00    -0.4474)
                     ( 2.00    -0.4398)  ( 2.00    -0.4359)  ( 2.00    -0.4216)  ( 2.00    -0.4169)
                     ( 2.00    -0.3781)  ( 2.00    -0.3727)  ( 0.00    -0.1570)

 CYCLE   12
  SDIIS (wt  1.000):  0.0001 -0.0000  0.0004 -0.0004 -0.0036 -0.0114 -0.0175  0.0358  0.4009  0.5958
  DIIS coefficients:  0.0001 -0.0000  0.0004 -0.0004 -0.0036 -0.0114 -0.0175  0.0358  0.4009  0.5958
 SCF Error: norm([F,P])=      0.000131472935, max([F,P])=      0.000024782527
 orbitals (Q,E):
 ---------------
 A :59...69          ( 2.00    -0.4711)  ( 2.00    -0.4567)  ( 2.00    -0.4531)  ( 2.00    -0.4474)
                     ( 2.00    -0.4398)  ( 2.00    -0.4359)  ( 2.00    -0.4216)  ( 2.00    -0.4169)
                     ( 2.00    -0.3781)  ( 2.00    -0.3727)  ( 0.00    -0.1570)

 CYCLE   13
  SDIIS (wt  1.000): -0.0000  0.0002  0.0003 -0.0001 -0.0013 -0.0164 -0.0178  0.0431  0.2386  0.7534
  DIIS coefficients: -0.0000  0.0002  0.0003 -0.0001 -0.0013 -0.0164 -0.0178  0.0431  0.2386  0.7534
 SCF Error: norm([F,P])=      0.000046051786, max([F,P])=      0.000006538429
 orbitals (Q,E):
 ---------------
 A :59...69          ( 2.00    -0.4711)  ( 2.00    -0.4567)  ( 2.00    -0.4531)  ( 2.00    -0.4474)
                     ( 2.00    -0.4398)  ( 2.00    -0.4359)  ( 2.00    -0.4216)  ( 2.00    -0.4169)
                     ( 2.00    -0.3781)  ( 2.00    -0.3727)  ( 0.00    -0.1570)

 CYCLE   14
  SDIIS (wt  1.000):  0.0000  0.0001  0.0001  0.0010 -0.0029 -0.0061 -0.0323 -0.0041  0.3199  0.7243
  DIIS coefficients:  0.0000  0.0001  0.0001  0.0010 -0.0029 -0.0061 -0.0323 -0.0041  0.3199  0.7243
 SCF Error: norm([F,P])=      0.000023194243, max([F,P])=      0.000005220589
 orbitals (Q,E):
 ---------------
 A :59...69          ( 2.00    -0.4711)  ( 2.00    -0.4567)  ( 2.00    -0.4531)  ( 2.00    -0.4474)
                     ( 2.00    -0.4398)  ( 2.00    -0.4359)  ( 2.00    -0.4216)  ( 2.00    -0.4169)
                     ( 2.00    -0.3781)  ( 2.00    -0.3727)  ( 0.00    -0.1570)

 CYCLE   15
  SDIIS (wt  1.000): -0.0000 -0.0000  0.0001  0.0015  0.0027 -0.0075 -0.0650 -0.1426  0.1851  1.0257
  DIIS coefficients: -0.0000 -0.0000  0.0001  0.0015  0.0027 -0.0075 -0.0650 -0.1426  0.1851  1.0257
 SCF Error: norm([F,P])=      0.000011802899, max([F,P])=      0.000003189528
 orbitals (Q,E):
 ---------------
 A :59...69          ( 2.00    -0.4711)  ( 2.00    -0.4567)  ( 2.00    -0.4531)  ( 2.00    -0.4474)
                     ( 2.00    -0.4398)  ( 2.00    -0.4359)  ( 2.00    -0.4216)  ( 2.00    -0.4169)
                     ( 2.00    -0.3781)  ( 2.00    -0.3727)  ( 0.00    -0.1570)

 CYCLE   16
  SDIIS (wt  1.000): -0.0000 -0.0002  0.0013  0.0018  0.0010 -0.0275 -0.1552 -0.1553  0.4172  0.9169
  DIIS coefficients: -0.0000 -0.0002  0.0013  0.0018  0.0010 -0.0275 -0.1552 -0.1553  0.4172  0.9169
 SCF Error: norm([F,P])=      0.000006288158, max([F,P])=      0.000001711931
 orbitals (Q,E):
 ---------------
 A :59...69          ( 2.00    -0.4711)  ( 2.00    -0.4567)  ( 2.00    -0.4531)  ( 2.00    -0.4474)
                     ( 2.00    -0.4398)  ( 2.00    -0.4359)  ( 2.00    -0.4216)  ( 2.00    -0.4169)
                     ( 2.00    -0.3781)  ( 2.00    -0.3727)  ( 0.00    -0.1570)

 CYCLE   17
  SDIIS (wt  1.000): -0.0002  0.0002  0.0003  0.0044  0.0113 -0.0256 -0.1096 -0.0623  0.3496  0.8320
  DIIS coefficients: -0.0002  0.0002  0.0003  0.0044  0.0113 -0.0256 -0.1096 -0.0623  0.3496  0.8320
 SCF Error: norm([F,P])=      0.000003143017, max([F,P])=      0.000000574028
 orbitals (Q,E):
 ---------------
 A :59...69          ( 2.00    -0.4711)  ( 2.00    -0.4567)  ( 2.00    -0.4531)  ( 2.00    -0.4474)
                     ( 2.00    -0.4398)  ( 2.00    -0.4359)  ( 2.00    -0.4216)  ( 2.00    -0.4169)
                     ( 2.00    -0.3781)  ( 2.00    -0.3727)  ( 0.00    -0.1570)

 SCF CONVERGED

 CYCLE   18
 ***************************************************************************************************



                                                *******************
                                                *  R E S U L T S  *
                                                *******************
  
  
 Hartree-Fock exchange energy:  -148.573777311696
 *** Using EXACT density in Focky
  SDIIS (wt  1.000): -0.0000 -0.0003  0.0010  0.0120  0.0259 -0.0067 -0.1097 -0.0499  0.3336  0.7942
  DIIS coefficients: -0.0000 -0.0003  0.0010  0.0120  0.0259 -0.0067 -0.1097 -0.0499  0.3336  0.7942
 SCF Error: norm([F,P])=      0.000001524918, max([F,P])=      0.000000202015

 Orbital Energies, per Irrep and Spin:
 ======================================
                        Occup              E (au)              E (eV)       Diff (eV) with prev. cycle
                        -----      --------------------        ------       --------------------------
 A
              59        2.000     -0.47105899095307E+00       -12.818               4.73E-08
              60        2.000     -0.45672104246554E+00       -12.428              -1.66E-06
              61        2.000     -0.45314846219825E+00       -12.331               1.53E-06
              62        2.000     -0.44744298595097E+00       -12.176               3.96E-07
              63        2.000     -0.43978587617122E+00       -11.967              -2.97E-07
              64        2.000     -0.43588695712126E+00       -11.861               5.01E-07
              65        2.000     -0.42161174101081E+00       -11.473               4.70E-07
              66        2.000     -0.41691562410476E+00       -11.345               1.28E-06
              67        2.000     -0.37805223425806E+00       -10.287              -2.10E-06
              68        2.000     -0.37271269495257E+00       -10.142              -4.39E-08
              69        0.000     -0.15702739541432E+00        -4.273
              70        0.000     -0.36543726334835E-01        -0.994
              71        0.000     -0.29026687345890E-01        -0.790
              72        0.000     -0.50548207273860E-02        -0.138
              73        0.000      0.26984152757265E-01         0.734
              74        0.000      0.39031318375385E-01         1.062
              75        0.000      0.58734157532396E-01         1.598
              76        0.000      0.73842950210052E-01         2.009
              77        0.000      0.78727339462368E-01         2.142
              78        0.000      0.84060550669184E-01         2.287
  
 HOMO :       68 A                -0.37271269495257E+00
 LUMO :       69 A                -0.15702739541432E+00
  


 All Electron Calculation, thus no Orbital Energies of the Core Orbitals are calculated


 Fit test: (difference of exact and fit density, squared integrated, result summed over spins)
         Sum-of-Fragments:                             0.00000002017366
         Orthogonalized Fragments:                     0.00003146193160
         SCF:                                          0.00001924307996



 ==========================
 Electron Density at Nuclei
 ==========================
  
 The electron density is calculated at points on a small sphere around the center of a nucleus.
 The printed electron density is the average electron density on these points.
 The radius of the sphere is the printed approximate finite nuclear radius.

         Atom        Nuclear Radius (Angstrom)             Electron Density (a.u.)
         ----        -------------------------             -----------------------
     1)   O                 0.0000345546                              311.81333
     2)   C                 0.0000320678                              126.73168
     3)   C                 0.0000320678                              126.65954
     4)   C                 0.0000320678                              126.64419
     5)   S                 0.0000416234                             2657.78373
     6)   O                 0.0000345546                              311.45833
     7)   O                 0.0000345546                              311.75264
     8)   O                 0.0000345546                              311.43309
     9)   C                 0.0000320678                              126.64034
    10)   C                 0.0000320678                              126.63923
    11)   S                 0.0000416234                             2657.66981
    12)   O                 0.0000345546                              311.79454
    13)   O                 0.0000345546                              311.66781
    14)   O                 0.0000345546                              311.47547
    15)   C                 0.0000320678                              126.73153
    16)   O                 0.0000345546                              311.74554
    17)   H                 0.0000181514                                0.48820
    18)   H                 0.0000181514                                0.45745
    19)   H                 0.0000181514                                0.48736
    20)   H                 0.0000181514                                0.44899



 ===========================================
 L O C A L   Q T A I M   P R O P E R T I E S
 ===========================================
  
 Module written by Juan I. Rodriguez-Hernandez,
 ESFM-Instituto Politecnico Nacional-Mexico.
 Any questions/comments to: jirodriguezh@ipn.mx and/or SCM technical support.
 This subroutine was vectorized, its efficientcy is reported in
 Juan I. Rodriguez et. al., J. Comput. Chem. 34, 681 (2013).
 Additional CP properties added by L. Joubert and V. Tognetti,
 University of Rouen, France.
  
  
  THIS IS THE GEOMETRY IN THE CP SEARCH (ANGSTROM):
  
 Atom                  X           Y           Z
    1 O           0.095098    1.187137    3.222717
    2 C           0.038682    0.746955    2.112535
    3 C          -1.233847    0.331640    1.473982
    4 C          -1.240590   -0.196890    0.244630
    5 S          -2.771876   -0.713950   -0.481196
    6 O          -3.863048   -0.360445    0.366702
    7 O          -2.655957   -2.058416   -0.943715
    8 O          -2.717178    0.287320   -1.736508
    9 C          -0.053655   -0.416359   -0.546822
   10 C           1.143483   -0.051355   -0.064450
   11 S           2.606525   -0.374202   -1.031906
   12 O           3.350205   -1.396571   -0.372532
   13 O           2.224511   -0.522856   -2.392511
   14 O           3.375464    1.008845   -0.909337
   15 C           1.331732    0.595835    1.244560
   16 O           2.384000    1.019202    1.638757
   17 H          -2.143437    0.467383    2.048992
   18 H          -3.480866    0.200026   -2.320867
   19 H          -0.155873   -0.873691   -1.525466
   20 H           3.766526    1.120694   -0.027466
  
 TOTAL NUMBER OF CRITICAL POINTS:  43
 NUMBER OF (3,-1) CRITICAL POINTS: 21
 NUMBER OF (3,+1) CRITICAL POINTS: 2
 NUMBER OF (3,+3) CRITICAL POINTS: 0
 NUMBER OF (3,-3) CRITICAL POINTS: 20
    Poincare-Hopf satisfied
  
 --------------------------------------------------------
CP #    1
(RANK,SIGNATURE):     (3,-3)    

CP COORDINATES:      0.095098    1.187137    3.222717

VALUES OF SOME FUNCTIONS AT CPs (a.u.):

                Rho =    0.3121229E+03
 --------------------------------------------------------
CP #    2
(RANK,SIGNATURE):     (3,-3)    

CP COORDINATES:     -3.863048   -0.360445    0.366702

VALUES OF SOME FUNCTIONS AT CPs (a.u.):

                Rho =    0.3117671E+03
 --------------------------------------------------------
CP #    3
(RANK,SIGNATURE):     (3,-3)    

CP COORDINATES:     -2.655957   -2.058416   -0.943715

VALUES OF SOME FUNCTIONS AT CPs (a.u.):

                Rho =    0.3120620E+03
 --------------------------------------------------------
CP #    4
(RANK,SIGNATURE):     (3,-3)    

CP COORDINATES:     -2.717178    0.287320   -1.736508

VALUES OF SOME FUNCTIONS AT CPs (a.u.):

                Rho =    0.3117423E+03
 --------------------------------------------------------
CP #    5
(RANK,SIGNATURE):     (3,-3)    

CP COORDINATES:      3.350205   -1.396571   -0.372532

VALUES OF SOME FUNCTIONS AT CPs (a.u.):

                Rho =    0.3121040E+03
 --------------------------------------------------------
CP #    6
(RANK,SIGNATURE):     (3,-3)    

CP COORDINATES:      2.224511   -0.522856   -2.392511

VALUES OF SOME FUNCTIONS AT CPs (a.u.):

                Rho =    0.3119771E+03
 --------------------------------------------------------
CP #    7
(RANK,SIGNATURE):     (3,-3)    

CP COORDINATES:      3.375464    1.008845   -0.909337

VALUES OF SOME FUNCTIONS AT CPs (a.u.):

                Rho =    0.3117848E+03
 --------------------------------------------------------
CP #    8
(RANK,SIGNATURE):     (3,-3)    

CP COORDINATES:      2.384000    1.019202    1.638757

VALUES OF SOME FUNCTIONS AT CPs (a.u.):

                Rho =    0.3120550E+03
 --------------------------------------------------------
CP #    9
(RANK,SIGNATURE):     (3,-3)    

CP COORDINATES:      0.038682    0.746955    2.112535

VALUES OF SOME FUNCTIONS AT CPs (a.u.):

                Rho =    0.1268190E+03
 --------------------------------------------------------
CP #   10
(RANK,SIGNATURE):     (3,-3)    

CP COORDINATES:     -1.233847    0.331640    1.473982

VALUES OF SOME FUNCTIONS AT CPs (a.u.):

                Rho =    0.1267468E+03
 --------------------------------------------------------
CP #   11
(RANK,SIGNATURE):     (3,-3)    

CP COORDINATES:     -1.240590   -0.196890    0.244630

VALUES OF SOME FUNCTIONS AT CPs (a.u.):

                Rho =    0.1267315E+03
 --------------------------------------------------------
CP #   12
(RANK,SIGNATURE):     (3,-3)    

CP COORDINATES:     -0.053655   -0.416359   -0.546822

VALUES OF SOME FUNCTIONS AT CPs (a.u.):

                Rho =    0.1267276E+03
 --------------------------------------------------------
CP #   13
(RANK,SIGNATURE):     (3,-3)    

CP COORDINATES:      1.143483   -0.051355   -0.064450

VALUES OF SOME FUNCTIONS AT CPs (a.u.):

                Rho =    0.1267265E+03
 --------------------------------------------------------
CP #   14
(RANK,SIGNATURE):     (3,-3)    

CP COORDINATES:      1.331732    0.595835    1.244560

VALUES OF SOME FUNCTIONS AT CPs (a.u.):

                Rho =    0.1268189E+03
 --------------------------------------------------------
CP #   15
(RANK,SIGNATURE):     (3,-3)    

CP COORDINATES:     -2.771876   -0.713950   -0.481196

VALUES OF SOME FUNCTIONS AT CPs (a.u.):

                Rho =    0.2664186E+04
 --------------------------------------------------------
CP #   16
(RANK,SIGNATURE):     (3,-3)    

CP COORDINATES:      2.606525   -0.374202   -1.031906

VALUES OF SOME FUNCTIONS AT CPs (a.u.):

                Rho =    0.2664071E+04
 --------------------------------------------------------
CP #   17
(RANK,SIGNATURE):     (3,-3)    

CP COORDINATES:     -2.143437    0.467383    2.048992

VALUES OF SOME FUNCTIONS AT CPs (a.u.):

                Rho =    0.4882305E+00
 --------------------------------------------------------
CP #   18
(RANK,SIGNATURE):     (3,-3)    

CP COORDINATES:     -3.480866    0.200026   -2.320867

VALUES OF SOME FUNCTIONS AT CPs (a.u.):

                Rho =    0.4574806E+00
 --------------------------------------------------------
CP #   19
(RANK,SIGNATURE):     (3,-3)    

CP COORDINATES:     -0.155873   -0.873691   -1.525466

VALUES OF SOME FUNCTIONS AT CPs (a.u.):

                Rho =    0.4873975E+00
 --------------------------------------------------------
CP #   20
(RANK,SIGNATURE):     (3,-3)    

CP COORDINATES:      3.766526    1.120694   -0.027466

VALUES OF SOME FUNCTIONS AT CPs (a.u.):

                Rho =    0.4490168E+00
 --------------------------------------------------------
CP #   21
(RANK,SIGNATURE):     (3,+1)    

CP COORDINATES:      0.031314    0.192916    0.789616

EIGENVALUES OF HESSIAN MATRIX:

     -0.1532317E-01   0.6828452E-01   0.7345113E-01

EIGENVECTORS (ORTHONORMAL) OF HESSIAN MATRIX (COLUMNS):

     -0.1175907E+00  -0.4621835E+00   0.8789532E+00
      0.9090411E+00  -0.4064044E+00  -0.9208520E-01
     -0.3997707E+00  -0.7881763E+00  -0.4679333E+00


HESSIAN MATRIX:

      0.7111994E-01   0.8519052E-02  -0.6055324E-02
                     -0.7613680E-03   0.3060633E-01
                                      0.5605391E-01

VALUES OF SOME FUNCTIONS AT CPs (a.u.):

                Rho =    0.2000573E-01
        |GRAD(Rho)| =    0.5757528E-16
         GRAD(Rho)x =    0.5596929E-16
         GRAD(Rho)y =    0.1344066E-17
         GRAD(Rho)z =   -0.1343670E-16
          Laplacian =    0.1264125E+00
 (-1/4)Del**2(Rho)) =   -0.3160312E-01
            Diamond =    0.1029264E-01
        Metallicity =    0.8036752E+00     Comput.Theor.Chem. 1053 (2015) 112
        Ellipticity =   -0.1224402E+01
 
INHOMOGENEITY PARAMETERS AT CPs (a.u.)

            Delta_u =    0.5677790E-01     J.Phys.Chem.A, 113 (2009) 12322; PCCP, 16 (2014) 14539
            Delta_s =    0.1689675E+01     >>
            Delta_t =    0.1372284E+01     >>
            Inhom_s =    0.5918299E+00     Chem.Phys.Lett. 579 (2013) 122
           Inhom_ex =    0.7496793E+00     >>
 
ENERGY COMPONENTS AT CPs (a.u.)

        Gb(Abramov) =    0.2530185E-01     ActaCryst. 153 (1997) 264; Chem.Phys.Lett. 285 (1998) 170
        Vb(Abramov) =   -0.1900059E-01     >>
        Hb(Abramov) =    0.6301266E-02     >>
             Ex_ueg =   -0.4011046E-02     PCCP, 16 (2014) 14539
             Ec_ueg =   -0.8407070E-03     >>
           Delta_ex =   -0.7136850E-02     >>
           Delta_ec =    0.1655378E-02     >>
           Delta_et =   -0.1400681E-01     >>
                Pxc =    0.4771039E+01     JCP, 132 (2010) 211101
                Qxc =   -0.4311312E+01     >>


 --------------------------------------------------------
CP #   22
(RANK,SIGNATURE):     (3,-1)    

CP COORDINATES:     -1.955922   -0.432877   -0.100836

EIGENVALUES OF HESSIAN MATRIX:

     -0.3590721E+00  -0.3461559E+00   0.2957207E+00

EIGENVECTORS (ORTHONORMAL) OF HESSIAN MATRIX (COLUMNS):

     -0.4787100E+00  -0.1436667E+00   0.8661389E+00
      0.2504213E+00   0.9231983E+00   0.2915375E+00
      0.8415022E+00  -0.3564615E+00   0.4059670E+00


HESSIAN MATRIX:

      0.1324178E+00   0.1636299E+00   0.2309022E+00
                     -0.2924101E+00   0.7324721E-01
                                     -0.2495150E+00

VALUES OF SOME FUNCTIONS AT CPs (a.u.):

                Rho =    0.2091959E+00
        |GRAD(Rho)| =    0.9103516E-14
         GRAD(Rho)x =   -0.7968372E-14
         GRAD(Rho)y =   -0.2540210E-14
         GRAD(Rho)z =   -0.3595330E-14
          Laplacian =   -0.4095073E+00
 (-1/4)Del**2(Rho)) =    0.1023768E+00
            Diamond =    0.3362074E+00
        Metallicity =   -0.1240529E+02     Comput.Theor.Chem. 1053 (2015) 112
        Ellipticity =    0.3731335E-01
 
INHOMOGENEITY PARAMETERS AT CPs (a.u.)

            Delta_u =    0.3343257E+00     J.Phys.Chem.A, 113 (2009) 12322; PCCP, 16 (2014) 14539
            Delta_s =    0.4351060E+00     >>
            Delta_t =    0.5225595E+00     >>
            Inhom_s =    0.2298290E+01     Chem.Phys.Lett. 579 (2013) 122
           Inhom_ex =    0.1558751E+01     >>
 
ENERGY COMPONENTS AT CPs (a.u.)

        Gb(Abramov) =    0.1434178E+00     ActaCryst. 153 (1997) 264; Chem.Phys.Lett. 285 (1998) 170
        Vb(Abramov) =   -0.3892124E+00     >>
        Hb(Abramov) =   -0.2457946E+00     >>
             Ex_ueg =   -0.9171831E-01     PCCP, 16 (2014) 14539
             Ec_ueg =   -0.1233577E-01     >>
           Delta_ex =    0.3774872E-01     >>
           Delta_ec =    0.8439810E-02     >>
           Delta_et =   -0.1820610E+00     >>
                Pxc =    0.7435153E+01     JCP, 132 (2010) 211101
                Qxc =    0.4472698E+01     >>


 --------------------------------------------------------
CP #   23
(RANK,SIGNATURE):     (3,-1)    

CP COORDINATES:     -1.236630    0.074408    0.872682

EIGENVALUES OF HESSIAN MATRIX:

     -0.7326913E+00  -0.5686036E+00   0.3441180E+00

EIGENVECTORS (ORTHONORMAL) OF HESSIAN MATRIX (COLUMNS):

     -0.9953391E+00  -0.9504910E-01   0.1630261E-01
     -0.8073446E-01   0.9137374E+00   0.3982034E+00
      0.5274517E-01  -0.3950312E+00   0.9171523E+00


HESSIAN MATRIX:

     -0.7309227E+00  -0.7260628E-02   0.2226148E-01
                     -0.4249466E+00   0.3340366E+00
                                      0.1986924E+00

VALUES OF SOME FUNCTIONS AT CPs (a.u.):

                Rho =    0.3380385E+00
        |GRAD(Rho)| =    0.4729681E-15
         GRAD(Rho)x =   -0.1392499E-15
         GRAD(Rho)y =   -0.3376452E-15
         GRAD(Rho)z =   -0.3005063E-15
          Laplacian =   -0.9571770E+00
 (-1/4)Del**2(Rho)) =    0.2392942E+00
            Diamond =    0.9785638E+00
        Metallicity =   -0.1180949E+02     Comput.Theor.Chem. 1053 (2015) 112
        Ellipticity =    0.2885802E+00
 
INHOMOGENEITY PARAMETERS AT CPs (a.u.)

            Delta_u =    0.5626403E+00     J.Phys.Chem.A, 113 (2009) 12322; PCCP, 16 (2014) 14539
            Delta_s =    0.3861644E+00     >>
            Delta_t =    0.5023985E+00     >>
            Inhom_s =    0.2589571E+01     Chem.Phys.Lett. 579 (2013) 122
           Inhom_ex =    0.1280090E+01     >>
 
ENERGY COMPONENTS AT CPs (a.u.)

        Gb(Abramov) =    0.3114611E+00     ActaCryst. 153 (1997) 264; Chem.Phys.Lett. 285 (1998) 170
        Vb(Abramov) =   -0.8622165E+00     >>
        Hb(Abramov) =   -0.5507554E+00     >>
             Ex_ueg =   -0.1739162E+00     PCCP, 16 (2014) 14539
             Ec_ueg =   -0.2148067E-01     >>
           Delta_ex =    0.1061351E+00     >>
           Delta_ec =    0.1778413E-01     >>
           Delta_et =   -0.4910732E+00     >>
                Pxc =    0.8096403E+01     JCP, 132 (2010) 211101
                Qxc =    0.5967968E+01     >>


 --------------------------------------------------------
CP #   24
(RANK,SIGNATURE):     (3,-1)    

CP COORDINATES:     -0.640491   -0.309729   -0.159089

EIGENVALUES OF HESSIAN MATRIX:

     -0.5595096E+00  -0.5286634E+00   0.3739065E+00

EIGENVECTORS (ORTHONORMAL) OF HESSIAN MATRIX (COLUMNS):

     -0.5465522E+00   0.1208730E+00   0.8286558E+00
     -0.4230176E+00  -0.8938494E+00  -0.1486249E+00
     -0.7227288E+00   0.4317672E+00  -0.5396667E+00


HESSIAN MATRIX:

      0.8189035E-01  -0.1182912E+00  -0.4158120E+00
                     -0.5142459E+00   0.6296272E-01
                                     -0.2819108E+00

VALUES OF SOME FUNCTIONS AT CPs (a.u.):

                Rho =    0.2790471E+00
        |GRAD(Rho)| =    0.7051772E-14
         GRAD(Rho)x =   -0.6695329E-14
         GRAD(Rho)y =   -0.5445506E-15
         GRAD(Rho)z =    0.2145583E-14
          Laplacian =   -0.7142664E+00
 (-1/4)Del**2(Rho)) =    0.1785666E+00
            Diamond =    0.7323420E+00
        Metallicity =   -0.1149605E+02     Comput.Theor.Chem. 1053 (2015) 112
        Ellipticity =    0.5834755E-01
 
INHOMOGENEITY PARAMETERS AT CPs (a.u.)

            Delta_u =    0.4915419E+00     J.Phys.Chem.A, 113 (2009) 12322; PCCP, 16 (2014) 14539
            Delta_s =    0.4356658E+00     >>
            Delta_t =    0.5489694E+00     >>
            Inhom_s =    0.2295337E+01     Chem.Phys.Lett. 579 (2013) 122
           Inhom_ex =    0.1354399E+01     >>
 
ENERGY COMPONENTS AT CPs (a.u.)

        Gb(Abramov) =    0.2230908E+00     ActaCryst. 153 (1997) 264; Chem.Phys.Lett. 285 (1998) 170
        Vb(Abramov) =   -0.6247483E+00     >>
        Hb(Abramov) =   -0.4016574E+00     >>
             Ex_ueg =   -0.1346755E+00     PCCP, 16 (2014) 14539
             Ec_ueg =   -0.1718007E-01     >>
           Delta_ex =    0.7341680E-01     >>
           Delta_ec =    0.1417660E-01     >>
           Delta_et =   -0.3526157E+00     >>
                Pxc =    0.7839053E+01     JCP, 132 (2010) 211101
                Qxc =    0.5178730E+01     >>


 --------------------------------------------------------
CP #   25
(RANK,SIGNATURE):     (3,-1)    

CP COORDINATES:     -1.826536    0.420907    1.849802

EIGENVALUES OF HESSIAN MATRIX:

     -0.7854095E+00  -0.7796060E+00   0.5436037E+00

EIGENVECTORS (ORTHONORMAL) OF HESSIAN MATRIX (COLUMNS):

      0.5365925E+00  -0.7218027E-01   0.8407488E+00
      0.3185036E+00   0.9399624E+00  -0.1225811E+00
      0.7814243E+00  -0.3335576E+00  -0.5273664E+00


HESSIAN MATRIX:

      0.1540451E+00  -0.1373617E+00  -0.5891217E+00
                     -0.7603120E+00   0.8409469E-01
                                     -0.4151448E+00

VALUES OF SOME FUNCTIONS AT CPs (a.u.):

                Rho =    0.2823942E+00
        |GRAD(Rho)| =    0.3737975E-15
         GRAD(Rho)x =   -0.3686128E-15
         GRAD(Rho)y =    0.3855937E-17
         GRAD(Rho)z =   -0.6192173E-16
          Laplacian =   -0.1021412E+01
 (-1/4)Del**2(Rho)) =    0.2553529E+00
            Diamond =    0.1520159E+01
        Metallicity =   -0.8200467E+01     Comput.Theor.Chem. 1053 (2015) 112
        Ellipticity =    0.7444126E-02
 
INHOMOGENEITY PARAMETERS AT CPs (a.u.)

            Delta_u =    0.7084634E+00     J.Phys.Chem.A, 113 (2009) 12322; PCCP, 16 (2014) 14539
            Delta_s =    0.6180250E+00     >>
            Delta_t =    0.7803039E+00     >>
            Inhom_s =    0.1618057E+01     Chem.Phys.Lett. 579 (2013) 122
           Inhom_ex =    0.1149983E+01     >>
 
ENERGY COMPONENTS AT CPs (a.u.)

        Gb(Abramov) =    0.1787669E+00     ActaCryst. 153 (1997) 264; Chem.Phys.Lett. 285 (1998) 170
        Vb(Abramov) =   -0.6128868E+00     >>
        Hb(Abramov) =   -0.4341199E+00     >>
             Ex_ueg =   -0.1368336E+00     PCCP, 16 (2014) 14539
             Ec_ueg =   -0.1741891E-01     >>
           Delta_ex =    0.1034689E+00     >>
           Delta_ec =    0.2379372E-01     >>
           Delta_et =   -0.5749437E+00     >>
                Pxc =    0.7855463E+01     JCP, 132 (2010) 211101
                Qxc =    0.4348578E+01     >>


 --------------------------------------------------------
CP #   26
(RANK,SIGNATURE):     (3,-1)    

CP COORDINATES:     -0.123369   -0.715448   -1.186106

EIGENVALUES OF HESSIAN MATRIX:

     -0.7934274E+00  -0.7910088E+00   0.5465738E+00

EIGENVECTORS (ORTHONORMAL) OF HESSIAN MATRIX (COLUMNS):

     -0.9710861E+00  -0.2210688E+00   0.9011270E-01
     -0.1638556E+00   0.8917288E+00   0.4218661E+00
      0.1736175E+00  -0.3949029E+00   0.9021689E+00


HESSIAN MATRIX:

     -0.7824280E+00   0.5046402E-01   0.1091491E+00
                     -0.5530228E+00   0.5091454E+00
                                      0.2975884E+00

VALUES OF SOME FUNCTIONS AT CPs (a.u.):

                Rho =    0.2842004E+00
        |GRAD(Rho)| =    0.5186227E-15
         GRAD(Rho)x =    0.4838270E-16
         GRAD(Rho)y =    0.1066714E-15
         GRAD(Rho)z =    0.5052226E-15
          Laplacian =   -0.1037862E+01
 (-1/4)Del**2(Rho)) =    0.2594656E+00
            Diamond =    0.1553965E+01
        Metallicity =   -0.8156702E+01     Comput.Theor.Chem. 1053 (2015) 112
        Ellipticity =    0.3057651E-02
 
INHOMOGENEITY PARAMETERS AT CPs (a.u.)

            Delta_u =    0.7161869E+00     J.Phys.Chem.A, 113 (2009) 12322; PCCP, 16 (2014) 14539
            Delta_s =    0.6194740E+00     >>
            Delta_t =    0.7829649E+00     >>
            Inhom_s =    0.1614273E+01     Chem.Phys.Lett. 579 (2013) 122
           Inhom_ex =    0.1144310E+01     >>
 
ENERGY COMPONENTS AT CPs (a.u.)

        Gb(Abramov) =    0.1797535E+00     ActaCryst. 153 (1997) 264; Chem.Phys.Lett. 285 (1998) 170
        Vb(Abramov) =   -0.6189726E+00     >>
        Hb(Abramov) =   -0.4392191E+00     >>
             Ex_ueg =   -0.1380018E+00     PCCP, 16 (2014) 14539
             Ec_ueg =   -0.1754805E-01     >>
           Delta_ex =    0.1053895E+00     >>
           Delta_ec =    0.2416483E-01     >>
           Delta_et =   -0.5856397E+00     >>
                Pxc =    0.7864221E+01     JCP, 132 (2010) 211101
                Qxc =    0.4361276E+01     >>


 --------------------------------------------------------
CP #   27
(RANK,SIGNATURE):     (3,-1)    

CP COORDINATES:      1.840805   -0.196201   -0.522562

EIGENVALUES OF HESSIAN MATRIX:

     -0.3426899E+00  -0.3285357E+00   0.2913381E+00

EIGENVECTORS (ORTHONORMAL) OF HESSIAN MATRIX (COLUMNS):

      0.5736596E+00  -0.3716985E-01   0.8182500E+00
      0.3191590E+00   0.9301582E+00  -0.1815029E+00
      0.7543555E+00  -0.3652728E+00  -0.5454572E+00


HESSIAN MATRIX:

      0.8183238E-01  -0.9465188E-01  -0.2827874E+00
                     -0.3095568E+00   0.5796106E-01
                                     -0.1521631E+00

VALUES OF SOME FUNCTIONS AT CPs (a.u.):

                Rho =    0.2033101E+00
        |GRAD(Rho)| =    0.8488841E-14
         GRAD(Rho)x =   -0.6936068E-14
         GRAD(Rho)y =    0.1439439E-14
         GRAD(Rho)z =    0.4677542E-14
          Laplacian =   -0.3798876E+00
 (-1/4)Del**2(Rho)) =    0.9497189E-01
            Diamond =    0.3102500E+00
        Metallicity =   -0.1275136E+02     Comput.Theor.Chem. 1053 (2015) 112
        Ellipticity =    0.4308248E-01
 
INHOMOGENEITY PARAMETERS AT CPs (a.u.)

            Delta_u =    0.3212923E+00     J.Phys.Chem.A, 113 (2009) 12322; PCCP, 16 (2014) 14539
            Delta_s =    0.4343616E+00     >>
            Delta_t =    0.5191900E+00     >>
            Inhom_s =    0.2302230E+01     Chem.Phys.Lett. 579 (2013) 122
           Inhom_ex =    0.1597415E+01     >>
 
ENERGY COMPONENTS AT CPs (a.u.)

        Gb(Abramov) =    0.1385221E+00     ActaCryst. 153 (1997) 264; Chem.Phys.Lett. 285 (1998) 170
        Vb(Abramov) =   -0.3720161E+00     >>
        Hb(Abramov) =   -0.2334940E+00     >>
             Ex_ueg =   -0.8829382E-01     PCCP, 16 (2014) 14539
             Ec_ueg =   -0.1193983E-01     >>
           Delta_ex =    0.3460148E-01     >>
           Delta_ec =    0.7927273E-02     >>
           Delta_et =   -0.1683427E+00     >>
                Pxc =    0.7394895E+01     JCP, 132 (2010) 211101
                Qxc =    0.4364865E+01     >>


 --------------------------------------------------------
CP #   28
(RANK,SIGNATURE):     (3,-1)    

CP COORDINATES:      0.543014   -0.233633   -0.303461

EIGENVALUES OF HESSIAN MATRIX:

     -0.7231845E+00  -0.5612645E+00   0.3460428E+00

EIGENVECTORS (ORTHONORMAL) OF HESSIAN MATRIX (COLUMNS):

      0.4298509E+00   0.1072140E+00  -0.8965118E+00
     -0.3337363E+00  -0.9037395E+00  -0.2680951E+00
     -0.8389567E+00   0.4144395E+00  -0.3526920E+00


HESSIAN MATRIX:

      0.1380504E+00   0.2413002E+00   0.3452764E+00
                     -0.5140864E+00   0.4045441E-01
                                     -0.5623701E+00

VALUES OF SOME FUNCTIONS AT CPs (a.u.):

                Rho =    0.3353877E+00
        |GRAD(Rho)| =    0.3071129E-15
         GRAD(Rho)x =   -0.2326176E-15
         GRAD(Rho)y =   -0.1983257E-15
         GRAD(Rho)z =   -0.2956880E-16
          Laplacian =   -0.9384061E+00
 (-1/4)Del**2(Rho)) =    0.2346015E+00
            Diamond =    0.9577593E+00
        Metallicity =   -0.1188870E+02     Comput.Theor.Chem. 1053 (2015) 112
        Ellipticity =    0.2884915E+00
 
INHOMOGENEITY PARAMETERS AT CPs (a.u.)

            Delta_u =    0.5569225E+00     J.Phys.Chem.A, 113 (2009) 12322; PCCP, 16 (2014) 14539
            Delta_s =    0.3862735E+00     >>
            Delta_t =    0.5018815E+00     >>
            Inhom_s =    0.2588839E+01     Chem.Phys.Lett. 579 (2013) 122
           Inhom_ex =    0.1287980E+01     >>
 
ENERGY COMPONENTS AT CPs (a.u.)

        Gb(Abramov) =    0.3084500E+00     ActaCryst. 153 (1997) 264; Chem.Phys.Lett. 285 (1998) 170
        Vb(Abramov) =   -0.8515015E+00     >>
        Hb(Abramov) =   -0.5430515E+00     >>
             Ex_ueg =   -0.1721001E+00     PCCP, 16 (2014) 14539
             Ec_ueg =   -0.2128324E-01     >>
           Delta_ex =    0.1037439E+00     >>
           Delta_ec =    0.1746300E-01     >>
           Delta_et =   -0.4802758E+00     >>
                Pxc =    0.8086182E+01     JCP, 132 (2010) 211101
                Qxc =    0.5940787E+01     >>


 --------------------------------------------------------
CP #   29
(RANK,SIGNATURE):     (3,-1)    

CP COORDINATES:      0.677016    0.666833    1.673400

EIGENVALUES OF HESSIAN MATRIX:

     -0.4726380E+00  -0.4420447E+00   0.4159718E+00

EIGENVECTORS (ORTHONORMAL) OF HESSIAN MATRIX (COLUMNS):

     -0.5419898E+00   0.1538603E+00   0.8261804E+00
     -0.4065719E+00  -0.9083963E+00  -0.9754735E-01
     -0.7354906E+00   0.3887714E+00  -0.5548968E+00


HESSIAN MATRIX:

      0.1346282E+00  -0.7589048E-01  -0.4055486E+00
                     -0.4389374E+00   0.3729505E-01
                                     -0.1944018E+00

VALUES OF SOME FUNCTIONS AT CPs (a.u.):

                Rho =    0.2336647E+00
        |GRAD(Rho)| =    0.1898494E-15
         GRAD(Rho)x =   -0.3508072E-16
         GRAD(Rho)y =    0.9399525E-17
         GRAD(Rho)z =    0.1863432E-15
          Laplacian =   -0.4987109E+00
 (-1/4)Del**2(Rho)) =    0.1246777E+00
            Diamond =    0.5918227E+00
        Metallicity =   -0.1224859E+02     Comput.Theor.Chem. 1053 (2015) 112
        Ellipticity =    0.6920844E-01
 
INHOMOGENEITY PARAMETERS AT CPs (a.u.)

            Delta_u =    0.4439068E+00     J.Phys.Chem.A, 113 (2009) 12322; PCCP, 16 (2014) 14539
            Delta_s =    0.4984987E+00     >>
            Delta_t =    0.6098335E+00     >>
            Inhom_s =    0.2006023E+01     Chem.Phys.Lett. 579 (2013) 122
           Inhom_ex =    0.1501468E+01     >>
 
ENERGY COMPONENTS AT CPs (a.u.)

        Gb(Abramov) =    0.1714026E+00     ActaCryst. 153 (1997) 264; Chem.Phys.Lett. 285 (1998) 170
        Vb(Abramov) =   -0.4674829E+00     >>
        Hb(Abramov) =   -0.2960803E+00     >>
             Ex_ueg =   -0.1062941E+00     PCCP, 16 (2014) 14539
             Ec_ueg =   -0.1400227E-01     >>
           Delta_ex =    0.4714948E-01     >>
           Delta_ec =    0.1154567E-01     >>
           Delta_et =   -0.2564285E+00     >>
                Pxc =    0.7591205E+01     JCP, 132 (2010) 211101
                Qxc =    0.4083738E+01     >>


 --------------------------------------------------------
CP #   30
(RANK,SIGNATURE):     (3,+1)    

CP COORDINATES:      2.544741    0.683506    0.257683

EIGENVALUES OF HESSIAN MATRIX:

     -0.9207693E-02   0.2177668E-01   0.6773196E-01

EIGENVECTORS (ORTHONORMAL) OF HESSIAN MATRIX (COLUMNS):

     -0.4994918E+00   0.7912021E+00  -0.3528557E+00
      0.8130557E+00   0.5687489E+00   0.1243587E+00
     -0.2990792E+00   0.2247752E+00   0.9273768E+00


HESSIAN MATRIX:

      0.1976808E-01   0.1056666E-01  -0.1966664E-01
                      0.2004867E-02   0.1283431E-01
                                      0.5852800E-01

VALUES OF SOME FUNCTIONS AT CPs (a.u.):

                Rho =    0.1416324E-01
        |GRAD(Rho)| =    0.1138033E-16
         GRAD(Rho)x =   -0.5556536E-17
         GRAD(Rho)y =   -0.4230930E-17
         GRAD(Rho)z =   -0.8985326E-17
          Laplacian =    0.8030095E-01
 (-1/4)Del**2(Rho)) =   -0.2007524E-01
            Diamond =    0.5146624E-02
        Metallicity =    0.7114811E+00     Comput.Theor.Chem. 1053 (2015) 112
        Ellipticity =   -0.1422824E+01
 
INHOMOGENEITY PARAMETERS AT CPs (a.u.)

            Delta_u =    0.3816810E-01     J.Phys.Chem.A, 113 (2009) 12322; PCCP, 16 (2014) 14539
            Delta_s =    0.1800170E+01     >>
            Delta_t =    0.1380244E+01     >>
            Inhom_s =    0.5555030E+00     Chem.Phys.Lett. 579 (2013) 122
           Inhom_ex =    0.7600533E+00     >>
 
ENERGY COMPONENTS AT CPs (a.u.)

        Gb(Abramov) =    0.1576402E-01     ActaCryst. 153 (1997) 264; Chem.Phys.Lett. 285 (1998) 170
        Vb(Abramov) =   -0.1145280E-01     >>
        Hb(Abramov) =    0.4311220E-02     >>
             Ex_ueg =   -0.2530862E-02     PCCP, 16 (2014) 14539
             Ec_ueg =   -0.5603303E-03     >>
           Delta_ex =   -0.4381072E-02     >>
           Delta_ec =    0.1500053E-02     >>
           Delta_et =   -0.1139168E-01     >>
                Pxc =    0.4516732E+01     JCP, 132 (2010) 211101
                Qxc =   -0.2920612E+01     >>


 --------------------------------------------------------
CP #   31
(RANK,SIGNATURE):     (3,-1)    

CP COORDINATES:      1.240539    0.270692    0.591404

EIGENVALUES OF HESSIAN MATRIX:

     -0.5494014E+00  -0.5065979E+00   0.3942768E+00

EIGENVECTORS (ORTHONORMAL) OF HESSIAN MATRIX (COLUMNS):

     -0.9851995E+00  -0.1280151E+00   0.1139916E+00
     -0.6563491E-01   0.8960676E+00   0.4390386E+00
      0.1583478E+00  -0.4250588E+00   0.8912076E+00


HESSIAN MATRIX:

     -0.5364377E+00   0.4231801E-01   0.9819755E-01
                     -0.3331343E+00   0.3529342E+00
                                      0.2078495E+00

VALUES OF SOME FUNCTIONS AT CPs (a.u.):

                Rho =    0.2693518E+00
        |GRAD(Rho)| =    0.4127085E-15
         GRAD(Rho)x =   -0.3873482E-17
         GRAD(Rho)y =   -0.6677796E-16
         GRAD(Rho)z =   -0.4072517E-15
          Laplacian =   -0.6617225E+00
 (-1/4)Del**2(Rho)) =    0.1654306E+00
            Diamond =    0.7139375E+00
        Metallicity =   -0.1169869E+02     Comput.Theor.Chem. 1053 (2015) 112
        Ellipticity =    0.8449193E-01
 
INHOMOGENEITY PARAMETERS AT CPs (a.u.)

            Delta_u =    0.4861268E+00     J.Phys.Chem.A, 113 (2009) 12322; PCCP, 16 (2014) 14539
            Delta_s =    0.4516680E+00     >>
            Delta_t =    0.5657889E+00     >>
            Inhom_s =    0.2214016E+01     Chem.Phys.Lett. 579 (2013) 122
           Inhom_ex =    0.1385984E+01     >>
 
ENERGY COMPONENTS AT CPs (a.u.)

        Gb(Abramov) =    0.2122665E+00     ActaCryst. 153 (1997) 264; Chem.Phys.Lett. 285 (1998) 170
        Vb(Abramov) =   -0.5899636E+00     >>
        Hb(Abramov) =   -0.3776971E+00     >>
             Ex_ueg =   -0.1284729E+00     PCCP, 16 (2014) 14539
             Ec_ueg =   -0.1649170E-01     >>
           Delta_ex =    0.6687987E-01     >>
           Delta_ec =    0.1361865E-01     >>
           Delta_et =   -0.3305585E+00     >>
                Pxc =    0.7790158E+01     JCP, 132 (2010) 211101
                Qxc =    0.4910902E+01     >>


 --------------------------------------------------------
CP #   32
(RANK,SIGNATURE):     (3,-1)    

CP COORDINATES:      2.915639    0.176469   -0.957766

EIGENVALUES OF HESSIAN MATRIX:

     -0.4008313E+00  -0.3727660E+00   0.6946296E+00

EIGENVECTORS (ORTHONORMAL) OF HESSIAN MATRIX (COLUMNS):

     -0.2926878E+00   0.8215731E+00   0.4892356E+00
      0.2589891E+00  -0.4244044E+00   0.8676437E+00
     -0.9204665E+00  -0.3806554E+00   0.8856052E-01


HESSIAN MATRIX:

     -0.1196875E+00   0.4552179E+00   0.3868598E-01
                      0.4288928E+00   0.8870808E-01
                                     -0.3881730E+00

VALUES OF SOME FUNCTIONS AT CPs (a.u.):

                Rho =    0.2299874E+00
        |GRAD(Rho)| =    0.9313073E-13
         GRAD(Rho)x =   -0.4518570E-13
         GRAD(Rho)y =   -0.8031352E-13
         GRAD(Rho)z =   -0.1346564E-13
          Laplacian =   -0.7896772E-01
 (-1/4)Del**2(Rho)) =    0.1974193E-01
            Diamond =    0.7821305E+00
        Metallicity =   -0.7533619E+02     Comput.Theor.Chem. 1053 (2015) 112
        Ellipticity =    0.7528913E-01
 
INHOMOGENEITY PARAMETERS AT CPs (a.u.)

            Delta_u =    0.5017072E+00     J.Phys.Chem.A, 113 (2009) 12322; PCCP, 16 (2014) 14539
            Delta_s =    0.5754504E+00     >>
            Delta_t =    0.7021130E+00     >>
            Inhom_s =    0.1737769E+01     Chem.Phys.Lett. 579 (2013) 122
           Inhom_ex =    0.5426626E+01     >>
 
ENERGY COMPONENTS AT CPs (a.u.)

        Gb(Abramov) =    0.2347190E+00     ActaCryst. 153 (1997) 264; Chem.Phys.Lett. 285 (1998) 170
        Vb(Abramov) =   -0.4891799E+00     >>
        Hb(Abramov) =   -0.2544609E+00     >>
             Ex_ueg =   -0.1040696E+00     PCCP, 16 (2014) 14539
             Ec_ueg =   -0.1374972E-01     >>
           Delta_ex =    0.3533979E-02     >>
           Delta_ec =    0.8770325E-02     >>
           Delta_et =   -0.1653401E+00     >>
                Pxc =    0.7568852E+01     JCP, 132 (2010) 211101
                Qxc =    0.4029474E+00     >>


 --------------------------------------------------------
CP #   33
(RANK,SIGNATURE):     (3,-1)    

CP COORDINATES:      2.452934   -0.426439   -1.580382

EIGENVALUES OF HESSIAN MATRIX:

     -0.5645512E+00  -0.5443279E+00   0.1963210E+01

EIGENVECTORS (ORTHONORMAL) OF HESSIAN MATRIX (COLUMNS):

      0.3877885E+00   0.8823940E+00   0.2664601E+00
     -0.9216860E+00   0.3745701E+00   0.1009563E+00
     -0.1072477E-01  -0.2847422E+00   0.9585441E+00


HESSIAN MATRIX:

     -0.3693314E+00   0.7468304E-01   0.6405437E+00
                     -0.5359505E+00   0.2424572E+00
                                      0.1759612E+01

VALUES OF SOME FUNCTIONS AT CPs (a.u.):

                Rho =    0.3149878E+00
        |GRAD(Rho)| =    0.1351334E-13
         GRAD(Rho)x =    0.3746447E-14
         GRAD(Rho)y =    0.9520244E-15
         GRAD(Rho)z =    0.1294867E-13
          Laplacian =    0.8543305E+00
 (-1/4)Del**2(Rho)) =   -0.2135826E+00
            Diamond =    0.4469203E+01
        Metallicity =    0.1176188E+02     Comput.Theor.Chem. 1053 (2015) 112
        Ellipticity =    0.3715287E-01
 
INHOMOGENEITY PARAMETERS AT CPs (a.u.)

            Delta_u =    0.1139697E+01     J.Phys.Chem.A, 113 (2009) 12322; PCCP, 16 (2014) 14539
            Delta_s =    0.8594633E+00     >>
            Delta_t =    0.1105074E+01     >>
            Inhom_s =    0.1163517E+01     Chem.Phys.Lett. 579 (2013) 122
           Inhom_ex =    0.1189029E+01     >>
 
ENERGY COMPONENTS AT CPs (a.u.)

        Gb(Abramov) =    0.5610773E+00     ActaCryst. 153 (1997) 264; Chem.Phys.Lett. 285 (1998) 170
        Vb(Abramov) =   -0.9085719E+00     >>
        Hb(Abramov) =   -0.3474946E+00     >>
             Ex_ueg =   -0.1582863E+00     PCCP, 16 (2014) 14539
             Ec_ueg =   -0.1977711E-01     >>
           Delta_ex =   -0.1119588E+00     >>
           Delta_ec =    0.1912743E-01     >>
           Delta_et =   -0.2757442E+00     >>
                Pxc =    0.8003509E+01     JCP, 132 (2010) 211101
                Qxc =   -0.5853310E+01     >>


 --------------------------------------------------------
CP #   34
(RANK,SIGNATURE):     (3,-1)    

CP COORDINATES:      3.046445    1.018950    0.494303

EIGENVALUES OF HESSIAN MATRIX:

     -0.2074224E-01  -0.1450711E-01   0.1152515E+00

EIGENVECTORS (ORTHONORMAL) OF HESSIAN MATRIX (COLUMNS):

      0.1901600E+00   0.8437072E+00  -0.5019933E+00
     -0.9788653E+00   0.2021307E+00  -0.3107992E-01
      0.7524590E-01   0.4972939E+00   0.8643129E+00


HESSIAN MATRIX:

      0.1796623E-01   0.3185097E-02  -0.5638878E-01
                     -0.2035613E-01  -0.3026423E-02
                                      0.8239203E-01

VALUES OF SOME FUNCTIONS AT CPs (a.u.):

                Rho =    0.1873152E-01
        |GRAD(Rho)| =    0.1544708E-15
         GRAD(Rho)x =    0.2818926E-17
         GRAD(Rho)y =   -0.2101997E-16
         GRAD(Rho)z =   -0.1530080E-15
          Laplacian =    0.8000213E-01
 (-1/4)Del**2(Rho)) =   -0.2000053E-01
            Diamond =    0.1392360E-01
        Metallicity =    0.1137977E+01     Comput.Theor.Chem. 1053 (2015) 112
        Ellipticity =    0.4297988E+00
 
INHOMOGENEITY PARAMETERS AT CPs (a.u.)

            Delta_u =    0.6119241E-01     J.Phys.Chem.A, 113 (2009) 12322; PCCP, 16 (2014) 14539
            Delta_s =    0.1988061E+01     >>
            Delta_t =    0.1597008E+01     >>
            Inhom_s =    0.5030026E+00     Chem.Phys.Lett. 579 (2013) 122
           Inhom_ex =    0.8022093E+00     >>
 
ENERGY COMPONENTS AT CPs (a.u.)

        Gb(Abramov) =    0.1712704E-01     ActaCryst. 153 (1997) 264; Chem.Phys.Lett. 285 (1998) 170
        Vb(Abramov) =   -0.1425356E-01     >>
        Hb(Abramov) =    0.2873487E-02     >>
             Ex_ueg =   -0.3674085E-02     PCCP, 16 (2014) 14539
             Ec_ueg =   -0.7786050E-03     >>
           Delta_ex =   -0.5709181E-02     >>
           Delta_ec =    0.3320119E-02     >>
           Delta_et =   -0.2647147E-01     >>
                Pxc =    0.4718805E+01     JCP, 132 (2010) 211101
                Qxc =   -0.1719571E+01     >>


 --------------------------------------------------------
CP #   35
(RANK,SIGNATURE):     (3,-1)    

CP COORDINATES:      2.908692   -0.781273   -0.763760

EIGENVALUES OF HESSIAN MATRIX:

     -0.5546109E+00  -0.5438149E+00   0.1910390E+01

EIGENVECTORS (ORTHONORMAL) OF HESSIAN MATRIX (COLUMNS):

      0.5852017E-01   0.8493912E+00  -0.5245093E+00
      0.5716837E+00   0.4022113E+00   0.7151251E+00
      0.8183845E+00  -0.3417026E+00  -0.4620456E+00


HESSIAN MATRIX:

      0.1313243E+00  -0.9209081E+00   0.5942526E+00
                      0.7077464E+00  -0.8159702E+00
                                     -0.2710683E-01

VALUES OF SOME FUNCTIONS AT CPs (a.u.):

                Rho =    0.3126391E+00
        |GRAD(Rho)| =    0.5331764E-14
         GRAD(Rho)x =   -0.1185607E-14
         GRAD(Rho)y =   -0.5169252E-14
         GRAD(Rho)z =    0.5485233E-15
          Laplacian =    0.8119638E+00
 (-1/4)Del**2(Rho)) =   -0.2029910E+00
            Diamond =    0.4252916E+01
        Metallicity =    0.1222218E+02     Comput.Theor.Chem. 1053 (2015) 112
        Ellipticity =    0.1985225E-01
 
INHOMOGENEITY PARAMETERS AT CPs (a.u.)

            Delta_u =    0.1113309E+01     J.Phys.Chem.A, 113 (2009) 12322; PCCP, 16 (2014) 14539
            Delta_s =    0.8479838E+00     >>
            Delta_t =    0.1088955E+01     >>
            Inhom_s =    0.1179268E+01     Chem.Phys.Lett. 579 (2013) 122
           Inhom_ex =    0.1213860E+01     >>
 
ENERGY COMPONENTS AT CPs (a.u.)

        Gb(Abramov) =    0.5488259E+00     ActaCryst. 153 (1997) 264; Chem.Phys.Lett. 285 (1998) 170
        Vb(Abramov) =   -0.8946608E+00     >>
        Hb(Abramov) =   -0.3458349E+00     >>
             Ex_ueg =   -0.1567146E+00     PCCP, 16 (2014) 14539
             Ec_ueg =   -0.1960521E-01     >>
           Delta_ex =   -0.1063585E+00     >>
           Delta_ec =    0.1851408E-01     >>
           Delta_et =   -0.2684952E+00     >>
                Pxc =    0.7993519E+01     JCP, 132 (2010) 211101
                Qxc =   -0.5744738E+01     >>


 --------------------------------------------------------
CP #   36
(RANK,SIGNATURE):     (3,-1)    

CP COORDINATES:      3.682383    1.091509   -0.211801

EIGENVALUES OF HESSIAN MATRIX:

     -0.1683918E+01  -0.1657872E+01   0.1310606E+01

EIGENVECTORS (ORTHONORMAL) OF HESSIAN MATRIX (COLUMNS):

      0.3228195E+00   0.8530517E+00   0.4099883E+00
      0.9034606E+00  -0.4068259E+00   0.1350986E+00
     -0.2820400E+00  -0.3267958E+00   0.9020299E+00


HESSIAN MATRIX:

     -0.1161614E+01   0.1568242E+00   0.1100179E+01
                     -0.1624952E+01   0.3683844E+00
                                      0.7553819E+00

VALUES OF SOME FUNCTIONS AT CPs (a.u.):

                Rho =    0.3410062E+00
        |GRAD(Rho)| =    0.1523273E-12
         GRAD(Rho)x =   -0.1460308E-12
         GRAD(Rho)y =   -0.4313997E-13
         GRAD(Rho)z =    0.4191092E-14
          Laplacian =   -0.2031184E+01
 (-1/4)Del**2(Rho)) =    0.5077959E+00
            Diamond =    0.7301807E+01
        Metallicity =   -0.5646782E+01     Comput.Theor.Chem. 1053 (2015) 112
        Ellipticity =    0.1571037E-01
 
INHOMOGENEITY PARAMETERS AT CPs (a.u.)

            Delta_u =    0.1556503E+01     J.Phys.Chem.A, 113 (2009) 12322; PCCP, 16 (2014) 14539
            Delta_s =    0.1055918E+01     >>
            Delta_t =    0.1375748E+01     >>
            Inhom_s =    0.9470435E+00     Chem.Phys.Lett. 579 (2013) 122
           Inhom_ex =    0.9184886E+00     >>
 
ENERGY COMPONENTS AT CPs (a.u.)

        Gb(Abramov) =    0.1393716E+00     ActaCryst. 153 (1997) 264; Chem.Phys.Lett. 285 (1998) 170
        Vb(Abramov) =   -0.7865391E+00     >>
        Hb(Abramov) =   -0.6471675E+00     >>
             Ex_ueg =   -0.1759549E+00     PCCP, 16 (2014) 14539
             Ec_ueg =   -0.2170218E-01     >>
           Delta_ex =    0.2085710E+00     >>
           Delta_ec =    0.6873963E-01     >>
           Delta_et =   -0.1682910E+01     >>
                Pxc =    0.8107709E+01     JCP, 132 (2010) 211101
                Qxc =    0.3034217E+01     >>


 --------------------------------------------------------
CP #   37
(RANK,SIGNATURE):     (3,-1)    

CP COORDINATES:     -3.209760   -0.565512   -0.141319

EIGENVALUES OF HESSIAN MATRIX:

     -0.5592217E+00  -0.5268790E+00   0.1894680E+01

EIGENVECTORS (ORTHONORMAL) OF HESSIAN MATRIX (COLUMNS):

     -0.2985665E+00   0.5697558E+00   0.7656607E+00
     -0.9542437E+00  -0.1642203E+00  -0.2499015E+00
      0.1664579E-01   0.8052391E+00  -0.5927165E+00


HESSIAN MATRIX:

      0.8898436E+00  -0.4725550E+00  -0.1098790E+01
                     -0.4051015E+00   0.3591968E+00
                                      0.3238368E+00

VALUES OF SOME FUNCTIONS AT CPs (a.u.):

                Rho =    0.3119922E+00
        |GRAD(Rho)| =    0.1174929E-11
         GRAD(Rho)x =    0.8877451E-12
         GRAD(Rho)y =   -0.3259026E-12
         GRAD(Rho)z =   -0.6972475E-12
          Laplacian =    0.8085788E+00
 (-1/4)Del**2(Rho)) =   -0.2021447E+00
            Diamond =    0.4180141E+01
        Metallicity =    0.1223105E+02     Comput.Theor.Chem. 1053 (2015) 112
        Ellipticity =    0.6138551E-01
 
INHOMOGENEITY PARAMETERS AT CPs (a.u.)

            Delta_u =    0.1103490E+01     J.Phys.Chem.A, 113 (2009) 12322; PCCP, 16 (2014) 14539
            Delta_s =    0.8428297E+00     >>
            Delta_t =    0.1081963E+01     >>
            Inhom_s =    0.1186479E+01     Chem.Phys.Lett. 579 (2013) 122
           Inhom_ex =    0.1216011E+01     >>
 
ENERGY COMPONENTS AT CPs (a.u.)

        Gb(Abramov) =    0.5468368E+00     ActaCryst. 153 (1997) 264; Chem.Phys.Lett. 285 (1998) 170
        Vb(Abramov) =   -0.8915289E+00     >>
        Hb(Abramov) =   -0.3446921E+00     >>
             Ex_ueg =   -0.1562824E+00     PCCP, 16 (2014) 14539
             Ec_ueg =   -0.1955792E-01     >>
           Delta_ex =   -0.1056903E+00     >>
           Delta_ec =    0.1815127E-01     >>
           Delta_et =   -0.2616047E+00     >>
                Pxc =    0.7990749E+01     JCP, 132 (2010) 211101
                Qxc =   -0.5822748E+01     >>


 --------------------------------------------------------
CP #   38
(RANK,SIGNATURE):     (3,-1)    

CP COORDINATES:     -2.721850   -1.252699   -0.672457

EIGENVALUES OF HESSIAN MATRIX:

     -0.5579775E+00  -0.5297447E+00   0.1893743E+01

EIGENVECTORS (ORTHONORMAL) OF HESSIAN MATRIX (COLUMNS):

     -0.7838546E+00  -0.6156715E+00  -0.8075020E-01
     -0.2628361E+00   0.2111564E+00   0.9414511E+00
      0.5625737E+00  -0.7591848E+00   0.3273366E+00


HESSIAN MATRIX:

     -0.5312891E+00  -0.1900560E+00  -0.5160885E-01
                      0.1616315E+01   0.7510243E+00
                                     -0.2790051E+00

VALUES OF SOME FUNCTIONS AT CPs (a.u.):

                Rho =    0.3121404E+00
        |GRAD(Rho)| =    0.5493179E-15
         GRAD(Rho)x =    0.1925149E-15
         GRAD(Rho)y =   -0.4965668E-15
         GRAD(Rho)z =   -0.1345717E-15
          Laplacian =    0.8060211E+00
 (-1/4)Del**2(Rho)) =   -0.2015053E+00
            Diamond =    0.4178232E+01
        Metallicity =    0.1227958E+02     Comput.Theor.Chem. 1053 (2015) 112
        Ellipticity =    0.5329513E-01
 
INHOMOGENEITY PARAMETERS AT CPs (a.u.)

            Delta_u =    0.1103406E+01     J.Phys.Chem.A, 113 (2009) 12322; PCCP, 16 (2014) 14539
            Delta_s =    0.8422322E+00     >>
            Delta_t =    0.1081281E+01     >>
            Inhom_s =    0.1187321E+01     Chem.Phys.Lett. 579 (2013) 122
           Inhom_ex =    0.1218054E+01     >>
 
ENERGY COMPONENTS AT CPs (a.u.)

        Gb(Abramov) =    0.5467368E+00     ActaCryst. 153 (1997) 264; Chem.Phys.Lett. 285 (1998) 170
        Vb(Abramov) =   -0.8919683E+00     >>
        Hb(Abramov) =   -0.3452315E+00     >>
             Ex_ueg =   -0.1563814E+00     PCCP, 16 (2014) 14539
             Ec_ueg =   -0.1956875E-01     >>
           Delta_ex =   -0.1054027E+00     >>
           Delta_ec =    0.1815082E-01     >>
           Delta_et =   -0.2619297E+00     >>
                Pxc =    0.7991384E+01     JCP, 132 (2010) 211101
                Qxc =   -0.5807049E+01     >>


 --------------------------------------------------------
CP #   39
(RANK,SIGNATURE):     (3,-1)    

CP COORDINATES:     -2.769230   -0.319724   -0.994119

EIGENVALUES OF HESSIAN MATRIX:

     -0.3764016E+00  -0.3533513E+00   0.5918402E+00

EIGENVECTORS (ORTHONORMAL) OF HESSIAN MATRIX (COLUMNS):

     -0.8672096E+00  -0.4974324E+00  -0.2255138E-01
     -0.3789090E+00   0.6886084E+00  -0.6182608E+00
     -0.3230720E+00   0.5276168E+00   0.7856494E+00


HESSIAN MATRIX:

     -0.3702056E+00   0.5604281E-02  -0.2320444E-01
                      0.4635377E-02  -0.4619355E+00
                                      0.2276576E+00

VALUES OF SOME FUNCTIONS AT CPs (a.u.):

                Rho =    0.2214893E+00
        |GRAD(Rho)| =    0.3206080E-15
         GRAD(Rho)x =   -0.5564534E-16
         GRAD(Rho)y =    0.1579870E-15
         GRAD(Rho)z =   -0.2733737E-15
          Laplacian =   -0.1379127E+00
 (-1/4)Del**2(Rho)) =    0.3447817E-01
            Diamond =    0.6168102E+00
        Metallicity =   -0.4051323E+02     Comput.Theor.Chem. 1053 (2015) 112
        Ellipticity =    0.6523336E-01
 
INHOMOGENEITY PARAMETERS AT CPs (a.u.)

            Delta_u =    0.4480375E+00     J.Phys.Chem.A, 113 (2009) 12322; PCCP, 16 (2014) 14539
            Delta_s =    0.5403482E+00     >>
            Delta_t =    0.6551603E+00     >>
            Inhom_s =    0.1850659E+01     Chem.Phys.Lett. 579 (2013) 122
           Inhom_ex =    0.3139615E+01     >>
 
ENERGY COMPONENTS AT CPs (a.u.)

        Gb(Abramov) =    0.2098182E+00     ActaCryst. 153 (1997) 264; Chem.Phys.Lett. 285 (1998) 170
        Vb(Abramov) =   -0.4541146E+00     >>
        Hb(Abramov) =   -0.2442964E+00     >>
             Ex_ueg =   -0.9897420E-01     PCCP, 16 (2014) 14539
             Ec_ueg =   -0.1316891E-01     >>
           Delta_ex =    0.1004082E-01     >>
           Delta_ec =    0.8089725E-02     >>
           Delta_et =   -0.1563006E+00     >>
                Pxc =    0.7515745E+01     JCP, 132 (2010) 211101
                Qxc =    0.1241182E+01     >>


 --------------------------------------------------------
CP #   40
(RANK,SIGNATURE):     (3,-1)    

CP COORDINATES:     -0.594378    0.536287    1.787309

EIGENVALUES OF HESSIAN MATRIX:

     -0.5424984E+00  -0.5077366E+00   0.3981646E+00

EIGENVECTORS (ORTHONORMAL) OF HESSIAN MATRIX (COLUMNS):

     -0.4963595E+00  -0.1144143E+00   0.8605444E+00
      0.2694137E+00   0.9220303E+00   0.2779862E+00
      0.8252536E+00  -0.3698235E+00   0.4268337E+00


HESSIAN MATRIX:

      0.1545520E+00   0.2213578E+00   0.3469852E+00
                     -0.4402550E+00   0.9975995E-01
                                     -0.3663675E+00

VALUES OF SOME FUNCTIONS AT CPs (a.u.):

                Rho =    0.2654634E+00
        |GRAD(Rho)| =    0.9001681E-16
         GRAD(Rho)x =    0.8420577E-16
         GRAD(Rho)y =   -0.1753478E-16
         GRAD(Rho)z =    0.2655082E-16
          Laplacian =   -0.6520705E+00
 (-1/4)Del**2(Rho)) =    0.1630176E+00
            Diamond =    0.7106361E+00
        Metallicity =   -0.1158759E+02     Comput.Theor.Chem. 1053 (2015) 112
        Ellipticity =    0.6846431E-01
 
INHOMOGENEITY PARAMETERS AT CPs (a.u.)

            Delta_u =    0.4851921E+00     J.Phys.Chem.A, 113 (2009) 12322; PCCP, 16 (2014) 14539
            Delta_s =    0.4596253E+00     >>
            Delta_t =    0.5743630E+00     >>
            Inhom_s =    0.2175685E+01     Chem.Phys.Lett. 579 (2013) 122
           Inhom_ex =    0.1387269E+01     >>
 
ENERGY COMPONENTS AT CPs (a.u.)

        Gb(Abramov) =    0.2061517E+00     ActaCryst. 153 (1997) 264; Chem.Phys.Lett. 285 (1998) 170
        Vb(Abramov) =   -0.5753210E+00     >>
        Hb(Abramov) =   -0.3691693E+00     >>
             Ex_ueg =   -0.1260060E+00     PCCP, 16 (2014) 14539
             Ec_ueg =   -0.1621707E-01     >>
           Delta_ex =    0.6547419E-01     >>
           Delta_ec =    0.1356817E-01     >>
           Delta_et =   -0.3263547E+00     >>
                Pxc =    0.7769962E+01     JCP, 132 (2010) 211101
                Qxc =    0.4825573E+01     >>


 --------------------------------------------------------
CP #   41
(RANK,SIGNATURE):     (3,-1)    

CP COORDINATES:      0.057614    0.898764    2.494895

EIGENVALUES OF HESSIAN MATRIX:

     -0.1141692E+01  -0.1015893E+01   0.1973776E+01

EIGENVECTORS (ORTHONORMAL) OF HESSIAN MATRIX (COLUMNS):

      0.9915566E+00  -0.1216691E+00   0.4485591E-01
      0.9679329E-01   0.9246313E+00   0.3683586E+00
     -0.8629306E-01  -0.3609067E+00   0.9286010E+00


HESSIAN MATRIX:

     -0.1133562E+01   0.3732471E-01   0.1352934E+00
                     -0.6114089E+00   0.1023691E+01
                                      0.1561161E+01

VALUES OF SOME FUNCTIONS AT CPs (a.u.):

                Rho =    0.4211665E+00
        |GRAD(Rho)| =    0.7975450E-15
         GRAD(Rho)x =   -0.5598157E-16
         GRAD(Rho)y =   -0.2876429E-15
         GRAD(Rho)z =   -0.7417585E-15
          Laplacian =   -0.1838092E+00
 (-1/4)Del**2(Rho)) =    0.4595230E-01
            Diamond =    0.6231291E+01
        Metallicity =   -0.8871606E+02     Comput.Theor.Chem. 1053 (2015) 112
        Ellipticity =    0.1238318E+00
 
INHOMOGENEITY PARAMETERS AT CPs (a.u.)

            Delta_u =    0.1414405E+01     J.Phys.Chem.A, 113 (2009) 12322; PCCP, 16 (2014) 14539
            Delta_s =    0.7240998E+00     >>
            Delta_t =    0.9772129E+00     >>
            Inhom_s =    0.1381025E+01     Chem.Phys.Lett. 579 (2013) 122
           Inhom_ex =    0.5795161E+01     >>
 
ENERGY COMPONENTS AT CPs (a.u.)

        Gb(Abramov) =    0.6488163E+00     ActaCryst. 153 (1997) 264; Chem.Phys.Lett. 285 (1998) 170
        Vb(Abramov) =   -0.1343585E+01     >>
        Hb(Abramov) =   -0.6947686E+00     >>
             Ex_ueg =   -0.2331615E+00     PCCP, 16 (2014) 14539
             Ec_ueg =   -0.2787850E-01     >>
           Delta_ex =    0.6942659E-02     >>
           Delta_ec =    0.3041124E-01     >>
           Delta_et =   -0.6988415E+00     >>
                Pxc =    0.8363488E+01     JCP, 132 (2010) 211101
                Qxc =    0.2282925E+00     >>


 --------------------------------------------------------
CP #   42
(RANK,SIGNATURE):     (3,-1)    

CP COORDINATES:      1.695421    0.741128    1.378746

EIGENVALUES OF HESSIAN MATRIX:

     -0.1111829E+01  -0.1000061E+01   0.1891153E+01

EIGENVECTORS (ORTHONORMAL) OF HESSIAN MATRIX (COLUMNS):

     -0.4379407E+00   0.1941888E+00   0.8777805E+00
      0.3131585E+00  -0.8822875E+00   0.3514263E+00
      0.8426979E+00   0.4287883E+00   0.3255778E+00


HESSIAN MATRIX:

      0.1206180E+01   0.9071962E+00   0.8675161E+00
                     -0.6539557E+00   0.3013077E+00
                                     -0.7729604E+00

VALUES OF SOME FUNCTIONS AT CPs (a.u.):

                Rho =    0.4157582E+00
        |GRAD(Rho)| =    0.7236201E-15
         GRAD(Rho)x =    0.6685868E-15
         GRAD(Rho)y =   -0.2145501E-15
         GRAD(Rho)z =   -0.1748886E-15
          Laplacian =   -0.2207364E+00
 (-1/4)Del**2(Rho)) =    0.5518410E-01
            Diamond =    0.5812746E+01
        Metallicity =   -0.7230037E+02     Comput.Theor.Chem. 1053 (2015) 112
        Ellipticity =    0.1117607E+00
 
INHOMOGENEITY PARAMETERS AT CPs (a.u.)

            Delta_u =    0.1367860E+01     J.Phys.Chem.A, 113 (2009) 12322; PCCP, 16 (2014) 14539
            Delta_s =    0.7124433E+00     >>
            Delta_t =    0.9594129E+00     >>
            Inhom_s =    0.1403620E+01     Chem.Phys.Lett. 579 (2013) 122
           Inhom_ex =    0.4339991E+01     >>
 
ENERGY COMPONENTS AT CPs (a.u.)

        Gb(Abramov) =    0.6281824E+00     ActaCryst. 153 (1997) 264; Chem.Phys.Lett. 285 (1998) 170
        Vb(Abramov) =   -0.1311549E+01     >>
        Hb(Abramov) =   -0.6833665E+00     >>
             Ex_ueg =   -0.2291779E+00     PCCP, 16 (2014) 14539
             Ec_ueg =   -0.2744981E-01     >>
           Delta_ex =    0.1216732E-01     >>
           Delta_ec =    0.2946244E-01     >>
           Delta_et =   -0.6806143E+00     >>
                Pxc =    0.8348980E+01     JCP, 132 (2010) 211101
                Qxc =    0.4129775E+00     >>


 --------------------------------------------------------
CP #   43
(RANK,SIGNATURE):     (3,-1)    

CP COORDINATES:     -3.319681    0.213643   -2.191878

EIGENVALUES OF HESSIAN MATRIX:

     -0.1684090E+01  -0.1657390E+01   0.1332625E+01

EIGENVECTORS (ORTHONORMAL) OF HESSIAN MATRIX (COLUMNS):

      0.3909213E+00  -0.4836795E+00  -0.7830930E+00
      0.7134123E+00   0.6968003E+00  -0.7424400E-01
     -0.5815698E+00   0.5296447E+00  -0.6174570E+00


HESSIAN MATRIX:

      0.1721110E+00   0.1663930E+00   0.1451821E+01
                     -0.1654498E+01   0.1481476E+00
                                     -0.5264677E+00

VALUES OF SOME FUNCTIONS AT CPs (a.u.):

                Rho =    0.3447277E+00
        |GRAD(Rho)| =    0.1728963E-12
         GRAD(Rho)x =    0.1300547E-12
         GRAD(Rho)y =    0.2476252E-13
         GRAD(Rho)z =   -0.1112012E-12
          Laplacian =   -0.2008854E+01
 (-1/4)Del**2(Rho)) =    0.5022135E+00
            Diamond =    0.7358990E+01
        Metallicity =   -0.5813778E+01     Comput.Theor.Chem. 1053 (2015) 112
        Ellipticity =    0.1610983E-01
 
INHOMOGENEITY PARAMETERS AT CPs (a.u.)

            Delta_u =    0.1563029E+01     J.Phys.Chem.A, 113 (2009) 12322; PCCP, 16 (2014) 14539
            Delta_s =    0.1045109E+01     >>
            Delta_t =    0.1364131E+01     >>
            Inhom_s =    0.9568379E+00     Chem.Phys.Lett. 579 (2013) 122
           Inhom_ex =    0.9286467E+00     >>
 
ENERGY COMPONENTS AT CPs (a.u.)

        Gb(Abramov) =    0.1518173E+00     ActaCryst. 153 (1997) 264; Chem.Phys.Lett. 285 (1998) 170
        Vb(Abramov) =   -0.8058482E+00     >>
        Hb(Abramov) =   -0.6540309E+00     >>
             Ex_ueg =   -0.1785199E+00     PCCP, 16 (2014) 14539
             Ec_ueg =   -0.2198066E-01     >>
           Delta_ex =    0.2070073E+00     >>
           Delta_ec =    0.6824359E-01     >>
           Delta_et =   -0.1677177E+01     >>
                Pxc =    0.8121683E+01     JCP, 132 (2010) 211101
                Qxc =    0.3033359E+01     >>


 -------------------------------------------------------------------
 BOND PATHS (BP) AND PROPERTIES ALONG THEM ARE WRITTEN TO TAPE21
 -------------------------------------------------------------------
 #BP   #CP      Atom     Atom      Distance     BP Lenth    BP Steps
 -------------------------------------------------------------------
   1    41       1 O      2 C      1.195595     1.195605      16
   2    40       2 C      3 C      1.483094     1.483231      21
   3    29       2 C     15 C      1.564672     1.564918      19
   4    23       3 C      4 C      1.338168     1.338271      18
   5    25       3 C     17 H      1.084627     1.084702      17
   6    22       4 C      5 S      1.771726     1.771950      21
   7    24       4 C      9 C      1.443391     1.443671      19
   8    37       5 S      6 O      1.426377     1.426467      24
   9    38       5 S      7 O      1.426517     1.426609      21
  10    39       5 S      8 O      1.606655     1.607538      22
  11    43       8 O     18 H      0.965564     0.966823      17
  12    28       9 C     10 C      1.341286     1.341372      20
  13    26       9 C     19 H      1.085055     1.085212      19
  14    27      10 C     11 S      1.783450     1.783698      21
  15    31      10 C     15 C      1.472345     1.472665      20
  16    35      11 S     12 O      1.425859     1.425936      22
  17    33      11 S     13 O      1.421014     1.421139      23
  18    32      11 S     14 O      1.587170     1.588275      20
  19    34      14 O     16 O      2.734208     2.901469      32
  20    36      14 O     20 H      0.971151     0.972344      19
  21    42      15 C     16 O      1.200791     1.200813      18
 -------------------------------------------------------------------




 =============================================
 A T O M I C   Q T A I M   P R O P E R T I E S
 =============================================
  
  
 Written by J.I. Rodriguez, ESFM-Instituto Politecnico Nacional-Mexico.
 Comments/questions to: jirodriguezh@ipn.mx and/or SCM technical support.

 Additional Properties by L. Joubert & V. Tognetti - Univ.Rouen, France
 Atomis Volumes, Shannon Entropy
 (see manual for references)

 Bader atomic properties are calculated using a grid-based method
 reported in the articles
 - Juan I. Rodriguez et al. J. Comput. Chem. 30 (2009) 1082.
 - Juan I. Rodriguez, R.F.W. Bader, P.W. Ayers, C. Michel, A.W. Gotz, C. Bo,
   Chem. Phys. Lett. 472 (2009) 149.
 The convergence of the atomic integration of the Laplacian is
 not monotone but sinusoidal. So the integration of the Laplacian
 is not always closer to zero as a larger grid is used
 (see references above).


   Atom         Population     Net charge    Spin density      Laplacian
 -------------------------------------------------------------------------
   1 O  :         9.0184        -1.0184         0.0000         1.3449E-03
   2 C  :         4.9743         1.0257         0.0000        -9.1682E-04
   3 C  :         5.9786         0.0214         0.0000        -1.3429E-03
   4 C  :         6.1518        -0.1518         0.0000         8.2137E-04
   5 S  :        12.8192         3.1808         0.0000        -4.1177E-03
   6 O  :         9.3170        -1.3170         0.0000         2.3426E-03
   7 O  :         9.3112        -1.3112         0.0000        -3.6180E-04
   8 O  :         9.1777        -1.1777         0.0000         1.9157E-03
   9 C  :         5.9348         0.0652         0.0000         3.8142E-04
  10 C  :         6.1798        -0.1798         0.0000        -5.3466E-04
  11 S  :        12.7551         3.2449         0.0000        -1.1325E-03
  12 O  :         9.3187        -1.3187         0.0000        -3.5132E-05
  13 O  :         9.3205        -1.3205         0.0000         1.7849E-03
  14 O  :         9.1926        -1.1926         0.0000        -4.4480E-04
  15 C  :         4.9796         1.0204         0.0000        -1.8445E-03
  16 O  :         9.0541        -1.0541         0.0000         1.7740E-03
  17 H  :         0.8753         0.1247         0.0000         2.5737E-04
  18 H  :         0.3918         0.6082         0.0000        -1.0538E-04
  19 H  :         0.8699         0.1301         0.0000         2.5121E-04
  20 H  :         0.3797         0.6203         0.0000         1.0397E-04
 -------------------------------------------------------------------------
  Total :       136.0000         0.0000         0.0000         1.4124E-04


   Atom     Vol(0.002 a.u.)      Vol(0.001 a.u.)    Vol(0.0004 a.u.)
 -------------------------------------------------------------------------
   1 O  :       101.8923             127.1884           166.7260
   2 C  :        44.1694              48.9663            55.1391
   3 C  :        68.3816              78.6212            93.3610
   4 C  :        64.4903              71.2529            79.8736
   5 S  :        37.5633              39.0223            40.2421
   6 O  :       106.4329             131.1910           168.6517
   7 O  :       107.2032             132.4489           171.2223
   8 O  :        98.4984             119.3188           150.1519
   9 C  :        65.6138              74.2084            85.1397
  10 C  :        65.9879              73.4655            83.2592
  11 S  :        36.5407              37.6200            38.8650
  12 O  :       107.3447             133.1342           172.3277
  13 O  :       106.0929             130.4015           167.6864
  14 O  :        95.8883             115.7136           146.1235
  15 C  :        43.5697              47.9195            53.1586
  16 O  :       100.3467             121.9072           152.9919
  17 H  :        31.8470              40.8703            54.1869
  18 H  :        14.4520              19.3469            27.4545
  19 H  :        32.0486              39.9987            50.2549
  20 H  :        13.7063              17.1535            22.2989
 -------------------------------------------------------------------------
  Total :      1342.0699            1599.7488          1979.1150


   Atom       Shannon entropy      Shape Shannon       Shape Renyi
 -------------------------------------------------------------------------
   1 O  :         4.6206               0.3597             5.4230
   2 C  :         2.1644               0.1956             6.3773
   3 C  :         4.5753               0.2496             6.3725
   4 C  :         4.7723               0.2573             6.3721
   5 S  :       -19.3873               0.3205             3.1256
   6 O  :         5.3099               0.3756             5.4225
   7 O  :         5.3231               0.3755             5.4226
   8 O  :         4.8093               0.3669             5.4245
   9 C  :         4.3858               0.2466             6.3728
  10 C  :         4.8996               0.2593             6.3721
  11 S  :       -19.5389               0.3171             3.1257
  12 O  :         5.3428               0.3759             5.4226
  13 O  :         5.2945               0.3756             5.4226
  14 O  :         4.7821               0.3672             5.4243
  15 C  :         2.1510               0.1957             6.3773
  16 O  :         4.6074               0.3609             5.4231
  17 H  :         2.5491               0.0504            12.2242
  18 H  :         1.1567               0.0227            12.9947
  19 H  :         2.5079               0.0499            12.2242
  20 H  :         1.0974               0.0218            13.0346
 -------------------------------------------------------------------------


                  ATOMIC DIPOLE MOMENTS
 ====================================================
   Atom            X              Y              Z
 ----------------------------------------------------
   1 O  :        0.0437         0.1826         0.4421
   2 C  :        0.0041         0.2990         0.7662
   3 C  :        0.0781        -0.0545        -0.1247
   4 C  :        0.1161         0.0121        -0.0001
   5 S  :       -0.7700        -0.3096        -0.3172
   6 O  :       -0.5395         0.1673         0.4147
   7 O  :        0.0392        -0.6676        -0.2212
   8 O  :        0.1947         0.2424        -0.1349
   9 C  :       -0.0122         0.0649         0.1401
  10 C  :       -0.1204         0.0092         0.0812
  11 S  :        0.6996        -0.2123        -0.5115
  12 O  :        0.3717        -0.5080         0.3051
  13 O  :       -0.1756        -0.0775        -0.6793
  14 O  :        0.0944         0.3101        -0.1772
  15 C  :        0.7472         0.2672         0.2150
  16 O  :        0.3905         0.1661         0.1647
  17 H  :        0.0886        -0.0145        -0.0615
  18 H  :        0.1048         0.0144         0.0780
  19 H  :        0.0173         0.0477         0.0913
  20 H  :       -0.0553        -0.0154        -0.1094
 ----------------------------------------------------
 Total           1.3170        -0.0765         0.3616
 El corr       -26.6385        33.3988        15.0066
 Nuc            24.1891       -32.3584       -15.6077
 Sum            -1.1324         0.9638        -0.2395
 (Debye)        -2.8783         2.4499        -0.6087


                      ATOMIC SPHERICAL TENSOR QUADRUPOLE MOMENTS
 =================================================================================
   Atom           Q20            Q21c           Q21s           Q22c           Q22s
 ---------------------------------------------------------------------------------
    1O           0.2765         0.0371         0.1618        -0.1150        -0.0108
    2C           0.5313         0.0617         0.6088         0.3551         0.1654
    3C           0.5655         0.0443         0.9471         0.7988         0.2441
    4C           0.4975        -0.1504         0.9658         0.9257         0.1941
    5S           0.0619        -0.9461         0.1041        -0.5939        -0.4470
    6O           0.0331        -0.2671         0.1075         0.1834        -0.0800
    7O          -0.1523        -0.0556         0.1920        -0.2799        -0.0160
    8O           0.2012         0.3838        -0.3031         0.1410         0.0304
    9C           0.1031        -0.0790         0.6831         1.0404         0.2557
   10C           0.2819         0.1061         0.9982         1.0788         0.3386
   11S           0.3104         0.9261        -0.2857        -0.5267         0.0332
   12O          -0.0769         0.1567        -0.1757        -0.0987        -0.2630
   13O           0.2998         0.1180         0.0826         0.0641         0.0417
   14O           0.2062         0.2633         0.1508        -0.0945         0.3443
   15C           0.0316         0.2343         0.4778         0.5604         0.3950
   16O          -0.0560         0.0762         0.0234         0.2074         0.1754
   17H          -0.0088        -0.1254         0.0539         0.1604        -0.0152
   18H           0.0039        -0.0018        -0.0047        -0.0037        -0.0045
   19H           0.1361         0.0096         0.1471         0.0296         0.0246
   20H           0.0142        -0.0187         0.0017         0.0007         0.0005
 -----------------------------------------------------------------------
 Total           3.2601         0.7729         4.9364         3.8337         1.4064
 El corr       627.1454       121.1098      -585.3124     -2165.9039      -445.9620
 Nuc          -630.1112      -107.5126       573.4235      2162.2980       444.8594
 Sum             0.2943        14.3701        -6.9525         0.2277         0.3038


 ATOMIC BASIN POPULATION DECOMPOSITION OVER OCCUPIED ORBITALS
 ============================================================

 A                                                                                                                                                               
   1 O  :    1/ 0.000 ( 0.0%) |    2/ 0.000 ( 0.0%) |    3/ 0.000 ( 0.0%) |    4/ 0.000 ( 0.0%) |    5/ 0.000 ( 0.0%) | 
             6/ 2.000 (22.2%) |    7/ 0.000 ( 0.0%) |    8/ 0.000 ( 0.0%) |    9/ 0.000 ( 0.0%) |   10/ 0.000 ( 0.0%) | 
            11/ 0.000 ( 0.0%) |   12/ 0.002 ( 0.0%) |   13/ 0.000 ( 0.0%) |   14/ 0.000 ( 0.0%) |   15/ 0.000 ( 0.0%) | 
            16/ 0.000 ( 0.0%) |   17/ 0.000 ( 0.0%) |   18/ 0.000 ( 0.0%) |   19/ 0.000 ( 0.0%) |   20/ 0.000 ( 0.0%) | 
            21/ 0.000 ( 0.0%) |   22/ 0.000 ( 0.0%) |   23/ 0.000 ( 0.0%) |   24/ 0.000 ( 0.0%) |   25/ 0.000 ( 0.0%) | 
            26/ 0.001 ( 0.0%) |   27/ 0.735 ( 8.1%) |   28/ 0.950 (10.5%) |   29/ 0.000 ( 0.0%) |   30/ 0.002 ( 0.0%) | 
            31/ 0.000 ( 0.0%) |   32/ 0.000 ( 0.0%) |   33/ 0.024 ( 0.3%) |   34/ 0.010 ( 0.1%) |   35/ 0.093 ( 1.0%) | 
            36/ 0.000 ( 0.0%) |   37/ 0.053 ( 0.6%) |   38/ 0.051 ( 0.6%) |   39/ 0.135 ( 1.5%) |   40/ 0.181 ( 2.0%) | 
            41/ 0.037 ( 0.4%) |   42/ 0.165 ( 1.8%) |   43/ 0.028 ( 0.3%) |   44/ 0.047 ( 0.5%) |   45/ 0.051 ( 0.6%) | 
            46/ 0.192 ( 2.1%) |   47/ 0.073 ( 0.8%) |   48/ 1.006 (11.2%) |   49/ 0.379 ( 4.2%) |   50/ 0.047 ( 0.5%) | 
            51/ 0.178 ( 2.0%) |   52/ 0.069 ( 0.8%) |   53/ 0.037 ( 0.4%) |   54/ 0.625 ( 6.9%) |   55/ 0.004 ( 0.0%) | 
            56/ 0.129 ( 1.4%) |   57/ 0.074 ( 0.8%) |   58/ 0.047 ( 0.5%) |   59/ 0.057 ( 0.6%) |   60/ 0.074 ( 0.8%) | 
            61/ 0.275 ( 3.1%) |   62/ 0.311 ( 3.5%) |   63/ 0.113 ( 1.3%) |   64/ 0.119 ( 1.3%) |   65/ 0.001 ( 0.0%) | 
            66/ 0.003 ( 0.0%) |   67/ 0.099 ( 1.1%) |   68/ 0.542 ( 6.0%) | 
   2 C  :    1/ 0.000 ( 0.0%) |    2/ 0.000 ( 0.0%) |    3/ 0.000 ( 0.0%) |    4/ 0.000 ( 0.0%) |    5/ 0.000 ( 0.0%) | 
             6/ 0.000 ( 0.0%) |    7/ 0.000 ( 0.0%) |    8/ 0.000 ( 0.0%) |    9/ 0.000 ( 0.0%) |   10/ 0.000 ( 0.0%) | 
            11/ 0.001 ( 0.0%) |   12/ 1.997 (40.1%) |   13/ 0.000 ( 0.0%) |   14/ 0.000 ( 0.0%) |   15/ 0.000 ( 0.0%) | 
            16/ 0.000 ( 0.0%) |   17/ 0.000 ( 0.0%) |   18/ 0.000 ( 0.0%) |   19/ 0.000 ( 0.0%) |   20/ 0.000 ( 0.0%) | 
            21/ 0.000 ( 0.0%) |   22/ 0.000 ( 0.0%) |   23/ 0.000 ( 0.0%) |   24/ 0.000 ( 0.0%) |   25/ 0.000 ( 0.0%) | 
            26/ 0.000 ( 0.0%) |   27/ 0.155 ( 3.1%) |   28/ 0.131 ( 2.6%) |   29/ 0.000 ( 0.0%) |   30/ 0.000 ( 0.0%) | 
            31/ 0.000 ( 0.0%) |   32/ 0.000 ( 0.0%) |   33/ 0.085 ( 1.7%) |   34/ 0.034 ( 0.7%) |   35/ 0.369 ( 7.4%) | 
            36/ 0.003 ( 0.1%) |   37/ 0.205 ( 4.1%) |   38/ 0.104 ( 2.1%) |   39/ 0.207 ( 4.2%) |   40/ 0.117 ( 2.4%) | 
            41/ 0.035 ( 0.7%) |   42/ 0.145 ( 2.9%) |   43/ 0.058 ( 1.2%) |   44/ 0.025 ( 0.5%) |   45/ 0.012 ( 0.2%) | 
            46/ 0.028 ( 0.6%) |   47/ 0.049 ( 1.0%) |   48/ 0.192 ( 3.9%) |   49/ 0.280 ( 5.6%) |   50/ 0.024 ( 0.5%) | 
            51/ 0.087 ( 1.8%) |   52/ 0.036 ( 0.7%) |   53/ 0.025 ( 0.5%) |   54/ 0.218 ( 4.4%) |   55/ 0.001 ( 0.0%) | 
            56/ 0.027 ( 0.5%) |   57/ 0.013 ( 0.3%) |   58/ 0.007 ( 0.1%) |   59/ 0.005 ( 0.1%) |   60/ 0.005 ( 0.1%) | 
            61/ 0.007 ( 0.1%) |   62/ 0.029 ( 0.6%) |   63/ 0.042 ( 0.8%) |   64/ 0.010 ( 0.2%) |   65/ 0.000 ( 0.0%) | 
            66/ 0.000 ( 0.0%) |   67/ 0.014 ( 0.3%) |   68/ 0.189 ( 3.8%) | 
   3 C  :    1/ 0.000 ( 0.0%) |    2/ 0.000 ( 0.0%) |    3/ 0.000 ( 0.0%) |    4/ 0.000 ( 0.0%) |    5/ 0.000 ( 0.0%) | 
             6/ 0.000 ( 0.0%) |    7/ 0.000 ( 0.0%) |    8/ 0.000 ( 0.0%) |    9/ 0.000 ( 0.0%) |   10/ 0.000 ( 0.0%) | 
            11/ 0.000 ( 0.0%) |   12/ 0.000 ( 0.0%) |   13/ 0.001 ( 0.0%) |   14/ 0.000 ( 0.0%) |   15/ 0.000 ( 0.0%) | 
            16/ 1.999 (33.4%) |   17/ 0.000 ( 0.0%) |   18/ 0.000 ( 0.0%) |   19/ 0.000 ( 0.0%) |   20/ 0.000 ( 0.0%) | 
            21/ 0.000 ( 0.0%) |   22/ 0.000 ( 0.0%) |   23/ 0.000 ( 0.0%) |   24/ 0.000 ( 0.0%) |   25/ 0.001 ( 0.0%) | 
            26/ 0.000 ( 0.0%) |   27/ 0.012 ( 0.2%) |   28/ 0.012 ( 0.2%) |   29/ 0.000 ( 0.0%) |   30/ 0.000 ( 0.0%) | 
            31/ 0.001 ( 0.0%) |   32/ 0.000 ( 0.0%) |   33/ 0.299 ( 5.0%) |   34/ 0.332 ( 5.6%) |   35/ 0.321 ( 5.4%) | 
            36/ 0.010 ( 0.2%) |   37/ 0.172 ( 2.9%) |   38/ 0.094 ( 1.6%) |   39/ 0.235 ( 3.9%) |   40/ 0.028 ( 0.5%) | 
            41/ 0.044 ( 0.7%) |   42/ 0.241 ( 4.0%) |   43/ 0.209 ( 3.5%) |   44/ 0.060 ( 1.0%) |   45/ 0.066 ( 1.1%) | 
            46/ 0.008 ( 0.1%) |   47/ 0.049 ( 0.8%) |   48/ 0.076 ( 1.3%) |   49/ 0.097 ( 1.6%) |   50/ 0.049 ( 0.8%) | 
            51/ 0.121 ( 2.0%) |   52/ 0.044 ( 0.7%) |   53/ 0.371 ( 6.2%) |   54/ 0.097 ( 1.6%) |   55/ 0.004 ( 0.1%) | 
            56/ 0.135 ( 2.3%) |   57/ 0.003 ( 0.0%) |   58/ 0.028 ( 0.5%) |   59/ 0.003 ( 0.0%) |   60/ 0.012 ( 0.2%) | 
            61/ 0.031 ( 0.5%) |   62/ 0.057 ( 0.9%) |   63/ 0.031 ( 0.5%) |   64/ 0.071 ( 1.2%) |   65/ 0.003 ( 0.0%) | 
            66/ 0.005 ( 0.1%) |   67/ 0.410 ( 6.9%) |   68/ 0.139 ( 2.3%) | 
   4 C  :    1/ 0.000 ( 0.0%) |    2/ 0.000 ( 0.0%) |    3/ 0.000 ( 0.0%) |    4/ 0.000 ( 0.0%) |    5/ 0.000 ( 0.0%) | 
             6/ 0.000 ( 0.0%) |    7/ 0.000 ( 0.0%) |    8/ 0.000 ( 0.0%) |    9/ 0.000 ( 0.0%) |   10/ 0.000 ( 0.0%) | 
            11/ 0.000 ( 0.0%) |   12/ 0.000 ( 0.0%) |   13/ 1.997 (32.5%) |   14/ 0.001 ( 0.0%) |   15/ 0.000 ( 0.0%) | 
            16/ 0.001 ( 0.0%) |   17/ 0.000 ( 0.0%) |   18/ 0.000 ( 0.0%) |   19/ 0.000 ( 0.0%) |   20/ 0.000 ( 0.0%) | 
            21/ 0.000 ( 0.0%) |   22/ 0.000 ( 0.0%) |   23/ 0.000 ( 0.0%) |   24/ 0.000 ( 0.0%) |   25/ 0.027 ( 0.4%) | 
            26/ 0.000 ( 0.0%) |   27/ 0.001 ( 0.0%) |   28/ 0.000 ( 0.0%) |   29/ 0.003 ( 0.1%) |   30/ 0.000 ( 0.0%) | 
            31/ 0.003 ( 0.0%) |   32/ 0.000 ( 0.0%) |   33/ 0.554 ( 9.0%) |   34/ 0.311 ( 5.1%) |   35/ 0.254 ( 4.1%) | 
            36/ 0.146 ( 2.4%) |   37/ 0.076 ( 1.2%) |   38/ 0.094 ( 1.5%) |   39/ 0.184 ( 3.0%) |   40/ 0.143 ( 2.3%) | 
            41/ 0.113 ( 1.8%) |   42/ 0.189 ( 3.1%) |   43/ 0.183 ( 3.0%) |   44/ 0.027 ( 0.4%) |   45/ 0.026 ( 0.4%) | 
            46/ 0.014 ( 0.2%) |   47/ 0.026 ( 0.4%) |   48/ 0.021 ( 0.3%) |   49/ 0.060 ( 1.0%) |   50/ 0.061 ( 1.0%) | 
            51/ 0.034 ( 0.5%) |   52/ 0.023 ( 0.4%) |   53/ 0.257 ( 4.2%) |   54/ 0.029 ( 0.5%) |   55/ 0.009 ( 0.2%) | 
            56/ 0.393 ( 6.4%) |   57/ 0.032 ( 0.5%) |   58/ 0.123 ( 2.0%) |   59/ 0.027 ( 0.4%) |   60/ 0.085 ( 1.4%) | 
            61/ 0.041 ( 0.7%) |   62/ 0.046 ( 0.8%) |   63/ 0.153 ( 2.5%) |   64/ 0.097 ( 1.6%) |   65/ 0.006 ( 0.1%) | 
            66/ 0.006 ( 0.1%) |   67/ 0.245 ( 4.0%) |   68/ 0.026 ( 0.4%) | 
   5 S  :    1/ 2.000 (15.6%) |    2/ 0.000 ( 0.0%) |    3/ 0.000 ( 0.0%) |    4/ 0.000 ( 0.0%) |    5/ 0.000 ( 0.0%) | 
             6/ 0.000 ( 0.0%) |    7/ 0.000 ( 0.0%) |    8/ 0.000 ( 0.0%) |    9/ 0.000 ( 0.0%) |   10/ 0.000 ( 0.0%) | 
            11/ 0.000 ( 0.0%) |   12/ 0.000 ( 0.0%) |   13/ 0.000 ( 0.0%) |   14/ 0.000 ( 0.0%) |   15/ 0.000 ( 0.0%) | 
            16/ 0.000 ( 0.0%) |   17/ 1.997 (15.6%) |   18/ 0.000 ( 0.0%) |   19/ 1.997 (15.6%) |   20/ 1.996 (15.6%) | 
            21/ 1.993 (15.5%) |   22/ 0.000 ( 0.0%) |   23/ 0.000 ( 0.0%) |   24/ 0.000 ( 0.0%) |   25/ 0.385 ( 3.0%) | 
            26/ 0.000 ( 0.0%) |   27/ 0.000 ( 0.0%) |   28/ 0.000 ( 0.0%) |   29/ 0.099 ( 0.8%) |   30/ 0.000 ( 0.0%) | 
            31/ 0.134 ( 1.0%) |   32/ 0.000 ( 0.0%) |   33/ 0.049 ( 0.4%) |   34/ 0.079 ( 0.6%) |   35/ 0.170 ( 1.3%) | 
            36/ 0.219 ( 1.7%) |   37/ 0.071 ( 0.6%) |   38/ 0.016 ( 0.1%) |   39/ 0.111 ( 0.9%) |   40/ 0.173 ( 1.3%) | 
            41/ 0.155 ( 1.2%) |   42/ 0.110 ( 0.9%) |   43/ 0.079 ( 0.6%) |   44/ 0.112 ( 0.9%) |   45/ 0.005 ( 0.0%) | 
            46/ 0.163 ( 1.3%) |   47/ 0.019 ( 0.1%) |   48/ 0.040 ( 0.3%) |   49/ 0.007 ( 0.1%) |   50/ 0.083 ( 0.6%) | 
            51/ 0.095 ( 0.7%) |   52/ 0.006 ( 0.0%) |   53/ 0.009 ( 0.1%) |   54/ 0.002 ( 0.0%) |   55/ 0.066 ( 0.5%) | 
            56/ 0.050 ( 0.4%) |   57/ 0.009 ( 0.1%) |   58/ 0.078 ( 0.6%) |   59/ 0.017 ( 0.1%) |   60/ 0.049 ( 0.4%) | 
            61/ 0.042 ( 0.3%) |   62/ 0.005 ( 0.0%) |   63/ 0.074 ( 0.6%) |   64/ 0.008 ( 0.1%) |   65/ 0.023 ( 0.2%) | 
            66/ 0.000 ( 0.0%) |   67/ 0.010 ( 0.1%) |   68/ 0.016 ( 0.1%) | 
   6 O  :    1/ 0.000 ( 0.0%) |    2/ 0.000 ( 0.0%) |    3/ 0.000 ( 0.0%) |    4/ 0.000 ( 0.0%) |    5/ 0.000 ( 0.0%) | 
             6/ 0.000 ( 0.0%) |    7/ 0.035 ( 0.4%) |    8/ 1.965 (21.1%) |    9/ 0.000 ( 0.0%) |   10/ 0.000 ( 0.0%) | 
            11/ 0.000 ( 0.0%) |   12/ 0.000 ( 0.0%) |   13/ 0.000 ( 0.0%) |   14/ 0.000 ( 0.0%) |   15/ 0.000 ( 0.0%) | 
            16/ 0.000 ( 0.0%) |   17/ 0.002 ( 0.0%) |   18/ 0.000 ( 0.0%) |   19/ 0.001 ( 0.0%) |   20/ 0.003 ( 0.0%) | 
            21/ 0.002 ( 0.0%) |   22/ 0.000 ( 0.0%) |   23/ 0.000 ( 0.0%) |   24/ 0.000 ( 0.0%) |   25/ 0.495 ( 5.3%) | 
            26/ 0.000 ( 0.0%) |   27/ 0.000 ( 0.0%) |   28/ 0.000 ( 0.0%) |   29/ 0.317 ( 3.4%) |   30/ 0.000 ( 0.0%) | 
            31/ 0.920 ( 9.9%) |   32/ 0.000 ( 0.0%) |   33/ 0.015 ( 0.2%) |   34/ 0.029 ( 0.3%) |   35/ 0.032 ( 0.3%) | 
            36/ 0.097 ( 1.0%) |   37/ 0.024 ( 0.3%) |   38/ 0.016 ( 0.2%) |   39/ 0.035 ( 0.4%) |   40/ 0.064 ( 0.7%) | 
            41/ 0.440 ( 4.7%) |   42/ 0.073 ( 0.8%) |   43/ 0.136 ( 1.5%) |   44/ 0.070 ( 0.8%) |   45/ 0.010 ( 0.1%) | 
            46/ 0.492 ( 5.3%) |   47/ 0.057 ( 0.6%) |   48/ 0.163 ( 1.7%) |   49/ 0.014 ( 0.1%) |   50/ 0.172 ( 1.8%) | 
            51/ 0.174 ( 1.9%) |   52/ 0.011 ( 0.1%) |   53/ 0.011 ( 0.1%) |   54/ 0.002 ( 0.0%) |   55/ 0.401 ( 4.3%) | 
            56/ 0.163 ( 1.8%) |   57/ 0.048 ( 0.5%) |   58/ 0.549 ( 5.9%) |   59/ 0.118 ( 1.3%) |   60/ 0.768 ( 8.2%) | 
            61/ 0.206 ( 2.2%) |   62/ 0.007 ( 0.1%) |   63/ 0.224 ( 2.4%) |   64/ 0.134 ( 1.4%) |   65/ 0.792 ( 8.5%) | 
            66/ 0.005 ( 0.1%) |   67/ 0.018 ( 0.2%) |   68/ 0.007 ( 0.1%) | 
   7 O  :    1/ 0.000 ( 0.0%) |    2/ 0.000 ( 0.0%) |    3/ 0.000 ( 0.0%) |    4/ 0.000 ( 0.0%) |    5/ 0.000 ( 0.0%) | 
             6/ 0.000 ( 0.0%) |    7/ 1.965 (21.1%) |    8/ 0.035 ( 0.4%) |    9/ 0.000 ( 0.0%) |   10/ 0.000 ( 0.0%) | 
            11/ 0.000 ( 0.0%) |   12/ 0.000 ( 0.0%) |   13/ 0.000 ( 0.0%) |   14/ 0.000 ( 0.0%) |   15/ 0.000 ( 0.0%) | 
            16/ 0.000 ( 0.0%) |   17/ 0.001 ( 0.0%) |   18/ 0.000 ( 0.0%) |   19/ 0.001 ( 0.0%) |   20/ 0.001 ( 0.0%) | 
            21/ 0.004 ( 0.0%) |   22/ 0.000 ( 0.0%) |   23/ 0.000 ( 0.0%) |   24/ 0.000 ( 0.0%) |   25/ 0.500 ( 5.4%) | 
            26/ 0.000 ( 0.0%) |   27/ 0.000 ( 0.0%) |   28/ 0.000 ( 0.0%) |   29/ 0.300 ( 3.2%) |   30/ 0.000 ( 0.0%) | 
            31/ 0.932 (10.0%) |   32/ 0.000 ( 0.0%) |   33/ 0.016 ( 0.2%) |   34/ 0.015 ( 0.2%) |   35/ 0.057 ( 0.6%) | 
            36/ 0.073 ( 0.8%) |   37/ 0.035 ( 0.4%) |   38/ 0.007 ( 0.1%) |   39/ 0.039 ( 0.4%) |   40/ 0.077 ( 0.8%) | 
            41/ 0.299 ( 3.2%) |   42/ 0.151 ( 1.6%) |   43/ 0.176 ( 1.9%) |   44/ 0.110 ( 1.2%) |   45/ 0.005 ( 0.0%) | 
            46/ 0.491 ( 5.3%) |   47/ 0.058 ( 0.6%) |   48/ 0.071 ( 0.8%) |   49/ 0.036 ( 0.4%) |   50/ 0.228 ( 2.4%) | 
            51/ 0.156 ( 1.7%) |   52/ 0.012 ( 0.1%) |   53/ 0.026 ( 0.3%) |   54/ 0.005 ( 0.1%) |   55/ 0.395 ( 4.2%) | 
            56/ 0.269 ( 2.9%) |   57/ 0.050 ( 0.5%) |   58/ 0.574 ( 6.2%) |   59/ 0.072 ( 0.8%) |   60/ 0.058 ( 0.6%) | 
            61/ 0.675 ( 7.2%) |   62/ 0.014 ( 0.1%) |   63/ 0.285 ( 3.1%) |   64/ 0.212 ( 2.3%) |   65/ 0.773 ( 8.3%) | 
            66/ 0.003 ( 0.0%) |   67/ 0.029 ( 0.3%) |   68/ 0.020 ( 0.2%) | 
   8 O  :    1/ 0.000 ( 0.0%) |    2/ 0.000 ( 0.0%) |    3/ 2.000 (21.8%) |    4/ 0.000 ( 0.0%) |    5/ 0.000 ( 0.0%) | 
             6/ 0.000 ( 0.0%) |    7/ 0.000 ( 0.0%) |    8/ 0.000 ( 0.0%) |    9/ 0.000 ( 0.0%) |   10/ 0.000 ( 0.0%) | 
            11/ 0.000 ( 0.0%) |   12/ 0.000 ( 0.0%) |   13/ 0.000 ( 0.0%) |   14/ 0.000 ( 0.0%) |   15/ 0.000 ( 0.0%) | 
            16/ 0.000 ( 0.0%) |   17/ 0.000 ( 0.0%) |   18/ 0.000 ( 0.0%) |   19/ 0.001 ( 0.0%) |   20/ 0.000 ( 0.0%) | 
            21/ 0.000 ( 0.0%) |   22/ 0.000 ( 0.0%) |   23/ 0.000 ( 0.0%) |   24/ 0.000 ( 0.0%) |   25/ 0.574 ( 6.3%) | 
            26/ 0.000 ( 0.0%) |   27/ 0.000 ( 0.0%) |   28/ 0.000 ( 0.0%) |   29/ 1.222 (13.3%) |   30/ 0.000 ( 0.0%) | 
            31/ 0.009 ( 0.1%) |   32/ 0.000 ( 0.0%) |   33/ 0.012 ( 0.1%) |   34/ 0.020 ( 0.2%) |   35/ 0.111 ( 1.2%) | 
            36/ 0.275 ( 3.0%) |   37/ 0.157 ( 1.7%) |   38/ 0.044 ( 0.5%) |   39/ 0.319 ( 3.5%) |   40/ 0.217 ( 2.4%) | 
            41/ 0.260 ( 2.8%) |   42/ 0.123 ( 1.3%) |   43/ 0.145 ( 1.6%) |   44/ 0.197 ( 2.1%) |   45/ 0.007 ( 0.1%) | 
            46/ 0.262 ( 2.9%) |   47/ 0.048 ( 0.5%) |   48/ 0.146 ( 1.6%) |   49/ 0.015 ( 0.2%) |   50/ 0.602 ( 6.6%) | 
            51/ 0.190 ( 2.1%) |   52/ 0.007 ( 0.1%) |   53/ 0.040 ( 0.4%) |   54/ 0.005 ( 0.0%) |   55/ 1.057 (11.5%) | 
            56/ 0.165 ( 1.8%) |   57/ 0.002 ( 0.0%) |   58/ 0.255 ( 2.8%) |   59/ 0.061 ( 0.7%) |   60/ 0.082 ( 0.9%) | 
            61/ 0.060 ( 0.7%) |   62/ 0.004 ( 0.0%) |   63/ 0.074 ( 0.8%) |   64/ 0.051 ( 0.6%) |   65/ 0.345 ( 3.8%) | 
            66/ 0.001 ( 0.0%) |   67/ 0.006 ( 0.1%) |   68/ 0.005 ( 0.0%) | 
   9 C  :    1/ 0.000 ( 0.0%) |    2/ 0.000 ( 0.0%) |    3/ 0.000 ( 0.0%) |    4/ 0.000 ( 0.0%) |    5/ 0.000 ( 0.0%) | 
             6/ 0.000 ( 0.0%) |    7/ 0.000 ( 0.0%) |    8/ 0.000 ( 0.0%) |    9/ 0.000 ( 0.0%) |   10/ 0.000 ( 0.0%) | 
            11/ 0.000 ( 0.0%) |   12/ 0.000 ( 0.0%) |   13/ 0.001 ( 0.0%) |   14/ 1.991 (33.5%) |   15/ 0.008 ( 0.1%) | 
            16/ 0.000 ( 0.0%) |   17/ 0.000 ( 0.0%) |   18/ 0.000 ( 0.0%) |   19/ 0.000 ( 0.0%) |   20/ 0.000 ( 0.0%) | 
            21/ 0.000 ( 0.0%) |   22/ 0.000 ( 0.0%) |   23/ 0.000 ( 0.0%) |   24/ 0.000 ( 0.0%) |   25/ 0.002 ( 0.0%) | 
            26/ 0.002 ( 0.0%) |   27/ 0.001 ( 0.0%) |   28/ 0.000 ( 0.0%) |   29/ 0.000 ( 0.0%) |   30/ 0.001 ( 0.0%) | 
            31/ 0.001 ( 0.0%) |   32/ 0.001 ( 0.0%) |   33/ 0.463 ( 7.8%) |   34/ 0.214 ( 3.6%) |   35/ 0.220 ( 3.7%) | 
            36/ 0.278 ( 4.7%) |   37/ 0.013 ( 0.2%) |   38/ 0.102 ( 1.7%) |   39/ 0.153 ( 2.6%) |   40/ 0.125 ( 2.1%) | 
            41/ 0.178 ( 3.0%) |   42/ 0.043 ( 0.7%) |   43/ 0.191 ( 3.2%) |   44/ 0.188 ( 3.2%) |   45/ 0.020 ( 0.3%) | 
            46/ 0.012 ( 0.2%) |   47/ 0.037 ( 0.6%) |   48/ 0.074 ( 1.2%) |   49/ 0.068 ( 1.1%) |   50/ 0.060 ( 1.0%) | 
            51/ 0.168 ( 2.8%) |   52/ 0.029 ( 0.5%) |   53/ 0.334 ( 5.6%) |   54/ 0.007 ( 0.1%) |   55/ 0.021 ( 0.4%) | 
            56/ 0.279 ( 4.7%) |   57/ 0.030 ( 0.5%) |   58/ 0.074 ( 1.2%) |   59/ 0.016 ( 0.3%) |   60/ 0.026 ( 0.4%) | 
            61/ 0.076 ( 1.3%) |   62/ 0.008 ( 0.1%) |   63/ 0.083 ( 1.4%) |   64/ 0.044 ( 0.7%) |   65/ 0.007 ( 0.1%) | 
            66/ 0.002 ( 0.0%) |   67/ 0.268 ( 4.5%) |   68/ 0.021 ( 0.4%) | 
  10 C  :    1/ 0.000 ( 0.0%) |    2/ 0.000 ( 0.0%) |    3/ 0.000 ( 0.0%) |    4/ 0.000 ( 0.0%) |    5/ 0.000 ( 0.0%) | 
             6/ 0.000 ( 0.0%) |    7/ 0.000 ( 0.0%) |    8/ 0.000 ( 0.0%) |    9/ 0.000 ( 0.0%) |   10/ 0.000 ( 0.0%) | 
            11/ 0.000 ( 0.0%) |   12/ 0.000 ( 0.0%) |   13/ 0.000 ( 0.0%) |   14/ 0.008 ( 0.1%) |   15/ 1.992 (32.2%) | 
            16/ 0.000 ( 0.0%) |   17/ 0.000 ( 0.0%) |   18/ 0.000 ( 0.0%) |   19/ 0.000 ( 0.0%) |   20/ 0.000 ( 0.0%) | 
            21/ 0.000 ( 0.0%) |   22/ 0.000 ( 0.0%) |   23/ 0.000 ( 0.0%) |   24/ 0.000 ( 0.0%) |   25/ 0.000 ( 0.0%) | 
            26/ 0.028 ( 0.4%) |   27/ 0.013 ( 0.2%) |   28/ 0.009 ( 0.1%) |   29/ 0.000 ( 0.0%) |   30/ 0.004 ( 0.1%) | 
            31/ 0.000 ( 0.0%) |   32/ 0.003 ( 0.0%) |   33/ 0.307 ( 5.0%) |   34/ 0.584 ( 9.4%) |   35/ 0.055 ( 0.9%) | 
            36/ 0.207 ( 3.4%) |   37/ 0.156 ( 2.5%) |   38/ 0.120 ( 1.9%) |   39/ 0.175 ( 2.8%) |   40/ 0.158 ( 2.6%) | 
            41/ 0.151 ( 2.4%) |   42/ 0.077 ( 1.3%) |   43/ 0.091 ( 1.5%) |   44/ 0.090 ( 1.5%) |   45/ 0.081 ( 1.3%) | 
            46/ 0.004 ( 0.1%) |   47/ 0.009 ( 0.2%) |   48/ 0.028 ( 0.5%) |   49/ 0.140 ( 2.3%) |   50/ 0.042 ( 0.7%) | 
            51/ 0.112 ( 1.8%) |   52/ 0.035 ( 0.6%) |   53/ 0.017 ( 0.3%) |   54/ 0.069 ( 1.1%) |   55/ 0.002 ( 0.0%) | 
            56/ 0.125 ( 2.0%) |   57/ 0.046 ( 0.7%) |   58/ 0.040 ( 0.6%) |   59/ 0.048 ( 0.8%) |   60/ 0.026 ( 0.4%) | 
            61/ 0.080 ( 1.3%) |   62/ 0.114 ( 1.8%) |   63/ 0.133 ( 2.2%) |   64/ 0.135 ( 2.2%) |   65/ 0.007 ( 0.1%) | 
            66/ 0.005 ( 0.1%) |   67/ 0.490 ( 7.9%) |   68/ 0.164 ( 2.7%) | 
  11 S  :    1/ 0.000 ( 0.0%) |    2/ 2.000 (15.7%) |    3/ 0.000 ( 0.0%) |    4/ 0.000 ( 0.0%) |    5/ 0.000 ( 0.0%) | 
             6/ 0.000 ( 0.0%) |    7/ 0.000 ( 0.0%) |    8/ 0.000 ( 0.0%) |    9/ 0.000 ( 0.0%) |   10/ 0.000 ( 0.0%) | 
            11/ 0.000 ( 0.0%) |   12/ 0.000 ( 0.0%) |   13/ 0.000 ( 0.0%) |   14/ 0.000 ( 0.0%) |   15/ 0.000 ( 0.0%) | 
            16/ 0.000 ( 0.0%) |   17/ 0.000 ( 0.0%) |   18/ 1.997 (15.7%) |   19/ 0.000 ( 0.0%) |   20/ 0.000 ( 0.0%) | 
            21/ 0.000 ( 0.0%) |   22/ 1.996 (15.7%) |   23/ 1.994 (15.6%) |   24/ 1.995 (15.6%) |   25/ 0.000 ( 0.0%) | 
            26/ 0.374 ( 2.9%) |   27/ 0.004 ( 0.0%) |   28/ 0.003 ( 0.0%) |   29/ 0.000 ( 0.0%) |   30/ 0.099 ( 0.8%) | 
            31/ 0.000 ( 0.0%) |   32/ 0.133 ( 1.0%) |   33/ 0.016 ( 0.1%) |   34/ 0.106 ( 0.8%) |   35/ 0.001 ( 0.0%) | 
            36/ 0.196 ( 1.5%) |   37/ 0.202 ( 1.6%) |   38/ 0.165 ( 1.3%) |   39/ 0.012 ( 0.1%) |   40/ 0.150 ( 1.2%) | 
            41/ 0.024 ( 0.2%) |   42/ 0.095 ( 0.7%) |   43/ 0.060 ( 0.5%) |   44/ 0.010 ( 0.1%) |   45/ 0.264 ( 2.1%) | 
            46/ 0.034 ( 0.3%) |   47/ 0.157 ( 1.2%) |   48/ 0.008 ( 0.1%) |   49/ 0.011 ( 0.1%) |   50/ 0.013 ( 0.1%) | 
            51/ 0.018 ( 0.1%) |   52/ 0.113 ( 0.9%) |   53/ 0.031 ( 0.2%) |   54/ 0.012 ( 0.1%) |   55/ 0.001 ( 0.0%) | 
            56/ 0.009 ( 0.1%) |   57/ 0.061 ( 0.5%) |   58/ 0.008 ( 0.1%) |   59/ 0.067 ( 0.5%) |   60/ 0.032 ( 0.3%) | 
            61/ 0.020 ( 0.2%) |   62/ 0.070 ( 0.6%) |   63/ 0.024 ( 0.2%) |   64/ 0.075 ( 0.6%) |   65/ 0.002 ( 0.0%) | 
            66/ 0.042 ( 0.3%) |   67/ 0.010 ( 0.1%) |   68/ 0.039 ( 0.3%) | 
  12 O  :    1/ 0.000 ( 0.0%) |    2/ 0.000 ( 0.0%) |    3/ 0.000 ( 0.0%) |    4/ 0.000 ( 0.0%) |    5/ 0.000 ( 0.0%) | 
             6/ 0.000 ( 0.0%) |    7/ 0.000 ( 0.0%) |    8/ 0.000 ( 0.0%) |    9/ 0.000 ( 0.0%) |   10/ 2.000 (21.5%) | 
            11/ 0.000 ( 0.0%) |   12/ 0.000 ( 0.0%) |   13/ 0.000 ( 0.0%) |   14/ 0.000 ( 0.0%) |   15/ 0.000 ( 0.0%) | 
            16/ 0.000 ( 0.0%) |   17/ 0.000 ( 0.0%) |   18/ 0.001 ( 0.0%) |   19/ 0.000 ( 0.0%) |   20/ 0.000 ( 0.0%) | 
            21/ 0.000 ( 0.0%) |   22/ 0.001 ( 0.0%) |   23/ 0.001 ( 0.0%) |   24/ 0.004 ( 0.0%) |   25/ 0.000 ( 0.0%) | 
            26/ 0.472 ( 5.1%) |   27/ 0.007 ( 0.1%) |   28/ 0.005 ( 0.1%) |   29/ 0.000 ( 0.0%) |   30/ 0.207 ( 2.2%) | 
            31/ 0.000 ( 0.0%) |   32/ 1.051 (11.3%) |   33/ 0.005 ( 0.1%) |   34/ 0.027 ( 0.3%) |   35/ 0.000 ( 0.0%) | 
            36/ 0.071 ( 0.8%) |   37/ 0.071 ( 0.8%) |   38/ 0.060 ( 0.6%) |   39/ 0.003 ( 0.0%) |   40/ 0.061 ( 0.7%) | 
            41/ 0.022 ( 0.2%) |   42/ 0.088 ( 0.9%) |   43/ 0.125 ( 1.3%) |   44/ 0.007 ( 0.1%) |   45/ 0.674 ( 7.2%) | 
            46/ 0.064 ( 0.7%) |   47/ 0.263 ( 2.8%) |   48/ 0.005 ( 0.1%) |   49/ 0.026 ( 0.3%) |   50/ 0.026 ( 0.3%) | 
            51/ 0.036 ( 0.4%) |   52/ 0.516 ( 5.5%) |   53/ 0.063 ( 0.7%) |   54/ 0.078 ( 0.8%) |   55/ 0.002 ( 0.0%) | 
            56/ 0.047 ( 0.5%) |   57/ 0.237 ( 2.5%) |   58/ 0.061 ( 0.7%) |   59/ 0.396 ( 4.3%) |   60/ 0.112 ( 1.2%) | 
            61/ 0.126 ( 1.4%) |   62/ 0.178 ( 1.9%) |   63/ 0.024 ( 0.3%) |   64/ 0.879 ( 9.4%) |   65/ 0.028 ( 0.3%) | 
            66/ 0.994 (10.7%) |   67/ 0.167 ( 1.8%) |   68/ 0.029 ( 0.3%) | 
  13 O  :    1/ 0.000 ( 0.0%) |    2/ 0.000 ( 0.0%) |    3/ 0.000 ( 0.0%) |    4/ 0.000 ( 0.0%) |    5/ 0.000 ( 0.0%) | 
             6/ 0.000 ( 0.0%) |    7/ 0.000 ( 0.0%) |    8/ 0.000 ( 0.0%) |    9/ 1.999 (21.5%) |   10/ 0.000 ( 0.0%) | 
            11/ 0.000 ( 0.0%) |   12/ 0.000 ( 0.0%) |   13/ 0.000 ( 0.0%) |   14/ 0.000 ( 0.0%) |   15/ 0.000 ( 0.0%) | 
            16/ 0.000 ( 0.0%) |   17/ 0.000 ( 0.0%) |   18/ 0.002 ( 0.0%) |   19/ 0.000 ( 0.0%) |   20/ 0.000 ( 0.0%) | 
            21/ 0.000 ( 0.0%) |   22/ 0.001 ( 0.0%) |   23/ 0.004 ( 0.0%) |   24/ 0.001 ( 0.0%) |   25/ 0.000 ( 0.0%) | 
            26/ 0.499 ( 5.4%) |   27/ 0.012 ( 0.1%) |   28/ 0.012 ( 0.1%) |   29/ 0.000 ( 0.0%) |   30/ 0.418 ( 4.5%) | 
            31/ 0.000 ( 0.0%) |   32/ 0.790 ( 8.5%) |   33/ 0.009 ( 0.1%) |   34/ 0.033 ( 0.4%) |   35/ 0.001 ( 0.0%) | 
            36/ 0.063 ( 0.7%) |   37/ 0.094 ( 1.0%) |   38/ 0.129 ( 1.4%) |   39/ 0.019 ( 0.2%) |   40/ 0.084 ( 0.9%) | 
            41/ 0.006 ( 0.1%) |   42/ 0.092 ( 1.0%) |   43/ 0.026 ( 0.3%) |   44/ 0.015 ( 0.2%) |   45/ 0.447 ( 4.8%) | 
            46/ 0.066 ( 0.7%) |   47/ 0.436 ( 4.7%) |   48/ 0.017 ( 0.2%) |   49/ 0.002 ( 0.0%) |   50/ 0.062 ( 0.7%) | 
            51/ 0.113 ( 1.2%) |   52/ 0.426 ( 4.6%) |   53/ 0.053 ( 0.6%) |   54/ 0.041 ( 0.4%) |   55/ 0.001 ( 0.0%) | 
            56/ 0.009 ( 0.1%) |   57/ 0.252 ( 2.7%) |   58/ 0.030 ( 0.3%) |   59/ 0.581 ( 6.2%) |   60/ 0.310 ( 3.3%) | 
            61/ 0.150 ( 1.6%) |   62/ 0.982 (10.5%) |   63/ 0.138 ( 1.5%) |   64/ 0.048 ( 0.5%) |   65/ 0.002 ( 0.0%) | 
            66/ 0.710 ( 7.6%) |   67/ 0.052 ( 0.6%) |   68/ 0.082 ( 0.9%) | 
  14 O  :    1/ 0.000 ( 0.0%) |    2/ 0.000 ( 0.0%) |    3/ 0.000 ( 0.0%) |    4/ 2.000 (21.8%) |    5/ 0.000 ( 0.0%) | 
             6/ 0.000 ( 0.0%) |    7/ 0.000 ( 0.0%) |    8/ 0.000 ( 0.0%) |    9/ 0.000 ( 0.0%) |   10/ 0.000 ( 0.0%) | 
            11/ 0.000 ( 0.0%) |   12/ 0.000 ( 0.0%) |   13/ 0.000 ( 0.0%) |   14/ 0.000 ( 0.0%) |   15/ 0.000 ( 0.0%) | 
            16/ 0.000 ( 0.0%) |   17/ 0.000 ( 0.0%) |   18/ 0.000 ( 0.0%) |   19/ 0.000 ( 0.0%) |   20/ 0.000 ( 0.0%) | 
            21/ 0.000 ( 0.0%) |   22/ 0.002 ( 0.0%) |   23/ 0.000 ( 0.0%) |   24/ 0.000 ( 0.0%) |   25/ 0.000 ( 0.0%) | 
            26/ 0.586 ( 6.4%) |   27/ 0.002 ( 0.0%) |   28/ 0.002 ( 0.0%) |   29/ 0.000 ( 0.0%) |   30/ 1.199 (13.0%) | 
            31/ 0.000 ( 0.0%) |   32/ 0.021 ( 0.2%) |   33/ 0.002 ( 0.0%) |   34/ 0.019 ( 0.2%) |   35/ 0.001 ( 0.0%) | 
            36/ 0.160 ( 1.7%) |   37/ 0.161 ( 1.8%) |   38/ 0.660 ( 7.2%) |   39/ 0.013 ( 0.1%) |   40/ 0.169 ( 1.8%) | 
            41/ 0.054 ( 0.6%) |   42/ 0.093 ( 1.0%) |   43/ 0.151 ( 1.6%) |   44/ 0.007 ( 0.1%) |   45/ 0.229 ( 2.5%) | 
            46/ 0.108 ( 1.2%) |   47/ 0.488 ( 5.3%) |   48/ 0.016 ( 0.2%) |   49/ 0.069 ( 0.7%) |   50/ 0.031 ( 0.3%) | 
            51/ 0.015 ( 0.2%) |   52/ 0.528 ( 5.7%) |   53/ 0.116 ( 1.3%) |   54/ 0.119 ( 1.3%) |   55/ 0.001 ( 0.0%) | 
            56/ 0.035 ( 0.4%) |   57/ 1.005 (10.9%) |   58/ 0.034 ( 0.4%) |   59/ 0.376 ( 4.1%) |   60/ 0.207 ( 2.2%) | 
            61/ 0.080 ( 0.9%) |   62/ 0.047 ( 0.5%) |   63/ 0.025 ( 0.3%) |   64/ 0.087 ( 0.9%) |   65/ 0.005 ( 0.0%) | 
            66/ 0.202 ( 2.2%) |   67/ 0.021 ( 0.2%) |   68/ 0.045 ( 0.5%) | 
  15 C  :    1/ 0.000 ( 0.0%) |    2/ 0.000 ( 0.0%) |    3/ 0.000 ( 0.0%) |    4/ 0.000 ( 0.0%) |    5/ 0.000 ( 0.0%) | 
             6/ 0.000 ( 0.0%) |    7/ 0.000 ( 0.0%) |    8/ 0.000 ( 0.0%) |    9/ 0.000 ( 0.0%) |   10/ 0.000 ( 0.0%) | 
            11/ 1.997 (40.1%) |   12/ 0.001 ( 0.0%) |   13/ 0.000 ( 0.0%) |   14/ 0.000 ( 0.0%) |   15/ 0.000 ( 0.0%) | 
            16/ 0.000 ( 0.0%) |   17/ 0.000 ( 0.0%) |   18/ 0.000 ( 0.0%) |   19/ 0.000 ( 0.0%) |   20/ 0.000 ( 0.0%) | 
            21/ 0.000 ( 0.0%) |   22/ 0.000 ( 0.0%) |   23/ 0.000 ( 0.0%) |   24/ 0.000 ( 0.0%) |   25/ 0.000 ( 0.0%) | 
            26/ 0.005 ( 0.1%) |   27/ 0.178 ( 3.6%) |   28/ 0.102 ( 2.1%) |   29/ 0.000 ( 0.0%) |   30/ 0.002 ( 0.0%) | 
            31/ 0.000 ( 0.0%) |   32/ 0.000 ( 0.0%) |   33/ 0.087 ( 1.7%) |   34/ 0.108 ( 2.2%) |   35/ 0.196 ( 3.9%) | 
            36/ 0.066 ( 1.3%) |   37/ 0.339 ( 6.8%) |   38/ 0.113 ( 2.3%) |   39/ 0.154 ( 3.1%) |   40/ 0.112 ( 2.2%) | 
            41/ 0.051 ( 1.0%) |   42/ 0.121 ( 2.4%) |   43/ 0.036 ( 0.7%) |   44/ 0.098 ( 2.0%) |   45/ 0.016 ( 0.3%) | 
            46/ 0.011 ( 0.2%) |   47/ 0.043 ( 0.9%) |   48/ 0.043 ( 0.9%) |   49/ 0.325 ( 6.5%) |   50/ 0.088 ( 1.8%) | 
            51/ 0.086 ( 1.7%) |   52/ 0.006 ( 0.1%) |   53/ 0.041 ( 0.8%) |   54/ 0.155 ( 3.1%) |   55/ 0.003 ( 0.1%) | 
            56/ 0.025 ( 0.5%) |   57/ 0.023 ( 0.5%) |   58/ 0.013 ( 0.3%) |   59/ 0.007 ( 0.1%) |   60/ 0.008 ( 0.2%) | 
            61/ 0.021 ( 0.4%) |   62/ 0.047 ( 1.0%) |   63/ 0.014 ( 0.3%) |   64/ 0.015 ( 0.3%) |   65/ 0.000 ( 0.0%) | 
            66/ 0.002 ( 0.0%) |   67/ 0.020 ( 0.4%) |   68/ 0.195 ( 3.9%) | 
  16 O  :    1/ 0.000 ( 0.0%) |    2/ 0.000 ( 0.0%) |    3/ 0.000 ( 0.0%) |    4/ 0.000 ( 0.0%) |    5/ 2.000 (22.1%) | 
             6/ 0.000 ( 0.0%) |    7/ 0.000 ( 0.0%) |    8/ 0.000 ( 0.0%) |    9/ 0.000 ( 0.0%) |   10/ 0.000 ( 0.0%) | 
            11/ 0.002 ( 0.0%) |   12/ 0.000 ( 0.0%) |   13/ 0.000 ( 0.0%) |   14/ 0.000 ( 0.0%) |   15/ 0.000 ( 0.0%) | 
            16/ 0.000 ( 0.0%) |   17/ 0.000 ( 0.0%) |   18/ 0.000 ( 0.0%) |   19/ 0.000 ( 0.0%) |   20/ 0.000 ( 0.0%) | 
            21/ 0.000 ( 0.0%) |   22/ 0.000 ( 0.0%) |   23/ 0.000 ( 0.0%) |   24/ 0.000 ( 0.0%) |   25/ 0.000 ( 0.0%) | 
            26/ 0.018 ( 0.2%) |   27/ 0.880 ( 9.7%) |   28/ 0.774 ( 8.5%) |   29/ 0.000 ( 0.0%) |   30/ 0.014 ( 0.2%) | 
            31/ 0.000 ( 0.0%) |   32/ 0.001 ( 0.0%) |   33/ 0.025 ( 0.3%) |   34/ 0.035 ( 0.4%) |   35/ 0.042 ( 0.5%) | 
            36/ 0.040 ( 0.4%) |   37/ 0.090 ( 1.0%) |   38/ 0.081 ( 0.9%) |   39/ 0.092 ( 1.0%) |   40/ 0.049 ( 0.5%) | 
            41/ 0.079 ( 0.9%) |   42/ 0.096 ( 1.1%) |   43/ 0.135 ( 1.5%) |   44/ 0.787 ( 8.7%) |   45/ 0.030 ( 0.3%) | 
            46/ 0.039 ( 0.4%) |   47/ 0.127 ( 1.4%) |   48/ 0.032 ( 0.4%) |   49/ 0.459 ( 5.1%) |   50/ 0.305 ( 3.4%) | 
            51/ 0.248 ( 2.7%) |   52/ 0.064 ( 0.7%) |   53/ 0.117 ( 1.3%) |   54/ 0.529 ( 5.8%) |   55/ 0.012 ( 0.1%) | 
            56/ 0.126 ( 1.4%) |   57/ 0.106 ( 1.2%) |   58/ 0.066 ( 0.7%) |   59/ 0.143 ( 1.6%) |   60/ 0.134 ( 1.5%) | 
            61/ 0.093 ( 1.0%) |   62/ 0.068 ( 0.8%) |   63/ 0.541 ( 6.0%) |   64/ 0.006 ( 0.1%) |   65/ 0.001 ( 0.0%) | 
            66/ 0.011 ( 0.1%) |   67/ 0.119 ( 1.3%) |   68/ 0.438 ( 4.8%) | 
  17 H  :    1/ 0.000 ( 0.0%) |    2/ 0.000 ( 0.0%) |    3/ 0.000 ( 0.0%) |    4/ 0.000 ( 0.0%) |    5/ 0.000 ( 0.0%) | 
             6/ 0.000 ( 0.0%) |    7/ 0.000 ( 0.0%) |    8/ 0.000 ( 0.0%) |    9/ 0.000 ( 0.0%) |   10/ 0.000 ( 0.0%) | 
            11/ 0.000 ( 0.0%) |   12/ 0.000 ( 0.0%) |   13/ 0.000 ( 0.0%) |   14/ 0.000 ( 0.0%) |   15/ 0.000 ( 0.0%) | 
            16/ 0.000 ( 0.0%) |   17/ 0.000 ( 0.0%) |   18/ 0.000 ( 0.0%) |   19/ 0.000 ( 0.0%) |   20/ 0.000 ( 0.0%) | 
            21/ 0.000 ( 0.0%) |   22/ 0.000 ( 0.0%) |   23/ 0.000 ( 0.0%) |   24/ 0.000 ( 0.0%) |   25/ 0.000 ( 0.0%) | 
            26/ 0.000 ( 0.0%) |   27/ 0.000 ( 0.0%) |   28/ 0.001 ( 0.1%) |   29/ 0.000 ( 0.0%) |   30/ 0.000 ( 0.0%) | 
            31/ 0.000 ( 0.1%) |   32/ 0.000 ( 0.0%) |   33/ 0.011 ( 1.2%) |   34/ 0.030 ( 3.4%) |   35/ 0.023 ( 2.6%) | 
            36/ 0.002 ( 0.2%) |   37/ 0.043 ( 4.9%) |   38/ 0.040 ( 4.6%) |   39/ 0.012 ( 1.4%) |   40/ 0.000 ( 0.0%) | 
            41/ 0.001 ( 0.1%) |   42/ 0.046 ( 5.2%) |   43/ 0.114 (13.0%) |   44/ 0.033 ( 3.8%) |   45/ 0.046 ( 5.2%) | 
            46/ 0.001 ( 0.1%) |   47/ 0.025 ( 2.8%) |   48/ 0.009 ( 1.0%) |   49/ 0.005 ( 0.5%) |   50/ 0.029 ( 3.4%) | 
            51/ 0.049 ( 5.6%) |   52/ 0.026 ( 3.0%) |   53/ 0.263 (30.0%) |   54/ 0.003 ( 0.4%) |   55/ 0.000 ( 0.0%) | 
            56/ 0.004 ( 0.4%) |   57/ 0.000 ( 0.0%) |   58/ 0.004 ( 0.4%) |   59/ 0.001 ( 0.1%) |   60/ 0.006 ( 0.7%) | 
            61/ 0.006 ( 0.7%) |   62/ 0.001 ( 0.1%) |   63/ 0.001 ( 0.1%) |   64/ 0.002 ( 0.2%) |   65/ 0.001 ( 0.1%) | 
            66/ 0.000 ( 0.0%) |   67/ 0.012 ( 1.4%) |   68/ 0.027 ( 3.0%) | 
  18 H  :    1/ 0.000 ( 0.0%) |    2/ 0.000 ( 0.0%) |    3/ 0.000 ( 0.0%) |    4/ 0.000 ( 0.0%) |    5/ 0.000 ( 0.0%) | 
             6/ 0.000 ( 0.0%) |    7/ 0.000 ( 0.0%) |    8/ 0.000 ( 0.0%) |    9/ 0.000 ( 0.0%) |   10/ 0.000 ( 0.0%) | 
            11/ 0.000 ( 0.0%) |   12/ 0.000 ( 0.0%) |   13/ 0.000 ( 0.0%) |   14/ 0.000 ( 0.0%) |   15/ 0.000 ( 0.0%) | 
            16/ 0.000 ( 0.0%) |   17/ 0.000 ( 0.0%) |   18/ 0.000 ( 0.0%) |   19/ 0.000 ( 0.0%) |   20/ 0.000 ( 0.0%) | 
            21/ 0.000 ( 0.0%) |   22/ 0.000 ( 0.0%) |   23/ 0.000 ( 0.0%) |   24/ 0.000 ( 0.0%) |   25/ 0.016 ( 4.0%) | 
            26/ 0.000 ( 0.0%) |   27/ 0.000 ( 0.0%) |   28/ 0.000 ( 0.0%) |   29/ 0.057 (14.5%) |   30/ 0.000 ( 0.0%) | 
            31/ 0.000 ( 0.0%) |   32/ 0.000 ( 0.0%) |   33/ 0.001 ( 0.3%) |   34/ 0.003 ( 0.7%) |   35/ 0.015 ( 3.9%) | 
            36/ 0.038 ( 9.6%) |   37/ 0.022 ( 5.5%) |   38/ 0.005 ( 1.3%) |   39/ 0.041 (10.5%) |   40/ 0.022 ( 5.7%) | 
            41/ 0.029 ( 7.5%) |   42/ 0.017 ( 4.2%) |   43/ 0.014 ( 3.5%) |   44/ 0.006 ( 1.6%) |   45/ 0.000 ( 0.1%) | 
            46/ 0.002 ( 0.6%) |   47/ 0.000 ( 0.1%) |   48/ 0.005 ( 1.3%) |   49/ 0.000 ( 0.1%) |   50/ 0.051 (13.0%) | 
            51/ 0.018 ( 4.7%) |   52/ 0.000 ( 0.1%) |   53/ 0.000 ( 0.1%) |   54/ 0.000 ( 0.0%) |   55/ 0.008 ( 2.1%) | 
            56/ 0.004 ( 1.1%) |   57/ 0.000 ( 0.1%) |   58/ 0.006 ( 1.5%) |   59/ 0.000 ( 0.1%) |   60/ 0.000 ( 0.1%) | 
            61/ 0.000 ( 0.1%) |   62/ 0.001 ( 0.2%) |   63/ 0.001 ( 0.4%) |   64/ 0.001 ( 0.2%) |   65/ 0.003 ( 0.7%) | 
            66/ 0.000 ( 0.0%) |   67/ 0.001 ( 0.1%) |   68/ 0.001 ( 0.2%) | 
  19 H  :    1/ 0.000 ( 0.0%) |    2/ 0.000 ( 0.0%) |    3/ 0.000 ( 0.0%) |    4/ 0.000 ( 0.0%) |    5/ 0.000 ( 0.0%) | 
             6/ 0.000 ( 0.0%) |    7/ 0.000 ( 0.0%) |    8/ 0.000 ( 0.0%) |    9/ 0.000 ( 0.0%) |   10/ 0.000 ( 0.0%) | 
            11/ 0.000 ( 0.0%) |   12/ 0.000 ( 0.0%) |   13/ 0.000 ( 0.0%) |   14/ 0.000 ( 0.0%) |   15/ 0.000 ( 0.0%) | 
            16/ 0.000 ( 0.0%) |   17/ 0.000 ( 0.0%) |   18/ 0.000 ( 0.0%) |   19/ 0.000 ( 0.0%) |   20/ 0.000 ( 0.0%) | 
            21/ 0.000 ( 0.0%) |   22/ 0.000 ( 0.0%) |   23/ 0.000 ( 0.0%) |   24/ 0.000 ( 0.0%) |   25/ 0.000 ( 0.0%) | 
            26/ 0.000 ( 0.0%) |   27/ 0.000 ( 0.0%) |   28/ 0.000 ( 0.0%) |   29/ 0.000 ( 0.0%) |   30/ 0.000 ( 0.0%) | 
            31/ 0.000 ( 0.0%) |   32/ 0.000 ( 0.0%) |   33/ 0.021 ( 2.4%) |   34/ 0.012 ( 1.3%) |   35/ 0.039 ( 4.4%) | 
            36/ 0.037 ( 4.3%) |   37/ 0.001 ( 0.1%) |   38/ 0.006 ( 0.7%) |   39/ 0.057 ( 6.5%) |   40/ 0.048 ( 5.5%) | 
            41/ 0.016 ( 1.8%) |   42/ 0.023 ( 2.6%) |   43/ 0.022 ( 2.6%) |   44/ 0.107 (12.4%) |   45/ 0.001 ( 0.1%) | 
            46/ 0.005 ( 0.5%) |   47/ 0.024 ( 2.7%) |   48/ 0.048 ( 5.5%) |   49/ 0.002 ( 0.2%) |   50/ 0.026 ( 3.0%) | 
            51/ 0.101 (11.6%) |   52/ 0.003 ( 0.4%) |   53/ 0.185 (21.3%) |   54/ 0.000 ( 0.0%) |   55/ 0.012 ( 1.4%) | 
            56/ 0.006 ( 0.7%) |   57/ 0.001 ( 0.1%) |   58/ 0.003 ( 0.3%) |   59/ 0.002 ( 0.2%) |   60/ 0.001 ( 0.2%) | 
            61/ 0.009 ( 1.0%) |   62/ 0.008 ( 0.9%) |   63/ 0.018 ( 2.1%) |   64/ 0.005 ( 0.6%) |   65/ 0.001 ( 0.1%) | 
            66/ 0.000 ( 0.1%) |   67/ 0.007 ( 0.8%) |   68/ 0.011 ( 1.3%) | 
  20 H  :    1/ 0.000 ( 0.0%) |    2/ 0.000 ( 0.0%) |    3/ 0.000 ( 0.0%) |    4/ 0.000 ( 0.0%) |    5/ 0.000 ( 0.0%) | 
             6/ 0.000 ( 0.0%) |    7/ 0.000 ( 0.0%) |    8/ 0.000 ( 0.0%) |    9/ 0.000 ( 0.0%) |   10/ 0.000 ( 0.0%) | 
            11/ 0.000 ( 0.0%) |   12/ 0.000 ( 0.0%) |   13/ 0.000 ( 0.0%) |   14/ 0.000 ( 0.0%) |   15/ 0.000 ( 0.0%) | 
            16/ 0.000 ( 0.0%) |   17/ 0.000 ( 0.0%) |   18/ 0.000 ( 0.0%) |   19/ 0.000 ( 0.0%) |   20/ 0.000 ( 0.0%) | 
            21/ 0.000 ( 0.0%) |   22/ 0.000 ( 0.0%) |   23/ 0.000 ( 0.0%) |   24/ 0.000 ( 0.0%) |   25/ 0.000 ( 0.0%) | 
            26/ 0.015 ( 4.0%) |   27/ 0.000 ( 0.1%) |   28/ 0.000 ( 0.1%) |   29/ 0.000 ( 0.0%) |   30/ 0.053 (14.0%) | 
            31/ 0.000 ( 0.0%) |   32/ 0.000 ( 0.0%) |   33/ 0.000 ( 0.0%) |   34/ 0.001 ( 0.4%) |   35/ 0.000 ( 0.1%) | 
            36/ 0.018 ( 4.6%) |   37/ 0.015 ( 4.0%) |   38/ 0.093 (24.4%) |   39/ 0.001 ( 0.4%) |   40/ 0.021 ( 5.6%) | 
            41/ 0.006 ( 1.5%) |   42/ 0.013 ( 3.3%) |   43/ 0.021 ( 5.6%) |   44/ 0.002 ( 0.4%) |   45/ 0.010 ( 2.7%) | 
            46/ 0.003 ( 0.8%) |   47/ 0.012 ( 3.1%) |   48/ 0.000 ( 0.1%) |   49/ 0.005 ( 1.3%) |   50/ 0.001 ( 0.2%) | 
            51/ 0.001 ( 0.4%) |   52/ 0.045 (11.8%) |   53/ 0.006 ( 1.6%) |   54/ 0.002 ( 0.6%) |   55/ 0.000 ( 0.0%) | 
            56/ 0.000 ( 0.0%) |   57/ 0.006 ( 1.7%) |   58/ 0.000 ( 0.1%) |   59/ 0.005 ( 1.2%) |   60/ 0.004 ( 1.0%) | 
            61/ 0.002 ( 0.4%) |   62/ 0.002 ( 0.6%) |   63/ 0.002 ( 0.6%) |   64/ 0.001 ( 0.2%) |   65/ 0.000 ( 0.0%) | 
            66/ 0.010 ( 2.5%) |   67/ 0.000 ( 0.1%) |   68/ 0.002 ( 0.6%) | 



 ===================================================
 N O N - L O C A L   Q T A I M   P R O P E R T I E S
 ===================================================
  

 LOCALIZATION AND DELOCALIZATION INDEXES (MATRIX ELEMENTS)
 ---------------------------------------------------------

   1 O  :     8.0521
   2 C  :     1.4861    3.1821
   3 C  :     0.1317    0.9747    3.9521
   4 C  :     0.0618    0.0704    1.6759    4.0423
   5 S  :     0.0050    0.0092    0.0569    0.8274   10.8409
   6 O  :     0.0013    0.0026    0.0345    0.1030    1.1205    8.4482
   7 O  :     0.0036    0.0038    0.0246    0.1078    1.1235    0.2321    8.4425
   8 O  :     0.0020    0.0019    0.0161    0.0899    0.7402    0.1922    0.1976    8.2302
   9 C  :     0.0050    0.0109    0.0600    1.0867    0.0362    0.0128    0.0203    0.0202    3.8974
  10 C  :     0.0151    0.0489    0.0784    0.0735    0.0079    0.0036    0.0030    0.0032    1.6576    4.0805
  11 S  :     0.0028    0.0062    0.0032    0.0095    0.0013    0.0008    0.0002    0.0002    0.0485    0.8138
             10.7916
  12 O  :     0.0008    0.0014    0.0046    0.0036    0.0005    0.0003    0.0001    0.0002    0.0259    0.1183
              1.1145    8.4527
  13 O  :     0.0015    0.0033    0.0022    0.0026    0.0002    0.0001    0.0001    0.0002    0.0337    0.1099
              1.1087    0.2247    8.4587
  14 O  :     0.0005    0.0013    0.0023    0.0029    0.0005    0.0003    0.0001    0.0001    0.0164    0.0941
              0.7581    0.2019    0.1814    8.2314
  15 C  :     0.1147    0.8264    0.0505    0.0121    0.0007    0.0007    0.0005    0.0003    0.0682    0.9948
              0.0289    0.0088    0.0125    0.0094    3.1840
  16 O  :     0.0870    0.1076    0.0161    0.0041    0.0002    0.0003    0.0005    0.0004    0.0621    0.1264
              0.0130    0.0202    0.0034    0.0721    1.4467    8.0565
  17 H  :     0.0129    0.0282    0.9121    0.0476    0.0073    0.0282    0.0020    0.0013    0.0093    0.0033
              0.0002    0.0002    0.0002    0.0002    0.0068    0.0026    0.3431
  18 H  :     0.0004    0.0003    0.0024    0.0075    0.0138    0.0030    0.0032    0.6182    0.0005    0.0001
              0.0000    0.0000    0.0000    0.0000    0.0000    0.0000    0.0001    0.0670
  19 H  :     0.0001    0.0005    0.0065    0.0325    0.0054    0.0012    0.0144    0.0108    0.9004    0.0454
              0.0071    0.0018    0.0266    0.0016    0.0084    0.0040    0.0016    0.0001    0.3357
  20 H  :     0.0002    0.0008    0.0002    0.0000    0.0000    0.0000    0.0000    0.0000    0.0002    0.0012
              0.0098    0.0042    0.0124    0.5791    0.0011    0.0286    0.0000    0.0000    0.0001    0.0608

 Statistics for the grid-based AIM method
 --------------------------------------------------
                     Total number of points 1474560
        Total number of non-assigned points  153349
                                   (failed)       0
                                 (screened)  153349



 ==========================
 C O N C E P T U A L  D F T
 ==========================
  
 Written by L. Joubert & V. Tognetti - Univ.Rouen, France
 All results in a.u. (except dissociation energies in eV)
 All calculations are based on the Frontier Molecular Orbitals (FMO) theory
 Condensed (atomic or diatomic) values are obtained using a QTAIM partition
 of molecular space


 General reviews on CDFT:
 ------------------------
 H. Chermette, J. Comput. Chem. 20, 129 (1999)
 P. Geerlings, F. de Proft, W. Langenaecker, Chem. Rev. 103, 1793 (2003)

 All formulas used for ADF calculations can be found in this reference:
 G. Hoffmann, V. Tognetti and L. Joubert, J. Mol. Model. 24, 281 (2018)


 GLOBAL DESCRIPTORS
 ==================

 Electronic chemical potential (mu)    =   -0.265
                                mu+    =   -0.157
                                mu-    =   -0.373
 Electronegativity (chi=-mu)           =    0.265
 Hardness (eta)                        =    0.216
 Softness (S)                          =    4.636
 Hyperhardness (gamma)                 =    0.210
 Electrophilicity index (w=omega)      =    0.163
 Dissocation energy (nucleofuge)       =    0.153 (eV)
 Dissociation energy (electrofuge)     =   14.568 (eV)
 Electrodonating power (w-)            =    0.471
 Electroaccepting power(w+)            =    0.206
 Net Electrophilicity                  =    0.678


 References for global descriptors:
 ----------------------------------
 C. Morell, A. Grand, A. Toro-Labbe, J. Mol. Model. 19, 2893 (2013)
 R. G. Parr, L.v. Szenpály, S. Liu, J. Am. Chem. Soc. 121, 1922 (1999)
 P.W. Ayers, J.S.M. Anderson, J.I. Rodrigueza, Z. Jaweda, Phys. Chem. Chem. Phys. 7, 1918 (2005)
 J.L. Gazquez, A. Cedillo, A. Vela, J. Phys. Chem. A 111, 1966 (2007)
 P.K. Chattaraj, A. Chakraborty, S. Giri, J. Phys. Chem. A 113, 10068 (2009)
 F. Guegan, P. Mignon, V. Tognetti, L. Joubert, C. Morell, Phys. Chem. Chem. Phys. 16, 15558 (2014)



 =======================================
 M U L L I K E N   P O P U L A T I O N S
 =======================================
  
 The survey below gives for each atom:
 a) the total charge (Z minus electrons)
 b) the net spin polarization (nr of electrons spin-A minus spin-B)
 c) for each spin the atomic electron valence density (integrated) per L-value.

 Atom              Charge    Spin density          S         P         D         F
 ----              ------    ------------       ------    ------    ------    ------
 1 O              -0.4197                       3.8408    4.5204    0.0584    0.0000
 2 C               0.4303                       3.0402    2.3956    0.1339    0.0000
 3 C               0.1397                       3.0895    2.7149    0.0559    0.0000
 4 C              -0.1847                       3.1722    2.9411    0.0714    0.0000
 5 S               1.6102                       5.0185    8.4390    0.9323    0.0000
 6 O              -0.6657                       3.8699    4.7380    0.0578    0.0000
 7 O              -0.6528                       3.8717    4.7235    0.0576    0.0000
 8 O              -0.5752                       3.7660    4.7635    0.0457    0.0000
 9 C               0.2819                       3.0498    2.6060    0.0623    0.0000
 10 C             -0.2554                       3.2052    2.9856    0.0646    0.0000
 11 S              1.6186                       4.9992    8.4270    0.9552    0.0000
 12 O             -0.6607                       3.8703    4.7328    0.0577    0.0000
 13 O             -0.6687                       3.8688    4.7415    0.0584    0.0000
 14 O             -0.5820                       3.7850    4.7484    0.0486    0.0000
 15 C              0.5288                       3.0144    2.3223    0.1345    0.0000
 16 O             -0.4763                       3.8356    4.5826    0.0580    0.0000
 17 H             -0.0525                       0.9896    0.0629    0.0000    0.0000
 18 H              0.2994                       0.5920    0.1086    0.0000    0.0000
 19 H             -0.0403                       0.9721    0.0681    0.0000    0.0000
 20 H              0.3252                       0.5613    0.1135    0.0000    0.0000

 Populations of individual BAS functions
 ----------------------------------------
 1 O            0.6171  1.3770 -0.0243  1.0410  0.8300  0.3236  0.2046  0.2532  1.0204  0.7566
                0.8980  0.5117  0.3128  0.2394 -0.0082  0.0020  0.0113  0.0069  0.0201  0.0264
 6 O            0.5846  1.4261 -0.0396  1.0218  0.8770  0.2488  0.2774  0.2587  0.8673  0.9261
                0.8785  0.3564  0.4976  0.4273  0.0196  0.0128  0.0149 -0.0064  0.0068  0.0101
 7 O            0.6089  1.3865 -0.0243  1.0239  0.8766  0.2754  0.2367  0.2712  0.9143  0.8510
                0.9089  0.5127  0.2682  0.4850 -0.0069  0.0171  0.0015  0.0310  0.0169 -0.0019
 8 O            0.6259  1.3650 -0.0198  1.0146  0.7802  0.2679  0.2768  0.2379  0.9439  0.9730
                0.9181  0.4321  0.4337  0.2802  0.0018  0.0061  0.0120 -0.0033  0.0114  0.0177
 12 O           0.6133  1.3794 -0.0216  1.0234  0.8757  0.2645  0.2531  0.2670  0.8934  0.8751
                0.9026  0.4387  0.3746  0.4638  0.0057  0.0126  0.0086  0.0161  0.0134  0.0013
 13 O           0.6048  1.3935 -0.0271  1.0222  0.8754  0.2728  0.2757  0.2373  0.9038  0.9201
                0.8514  0.5058  0.5060  0.2686 -0.0030  0.0011  0.0179 -0.0077  0.0174  0.0328
 14 O           0.6248  1.3659 -0.0196  1.0132  0.8006  0.2745  0.2478  0.2594  0.9662  0.9222
                0.9443  0.4294  0.3363  0.3684 -0.0012  0.0096  0.0068  0.0167  0.0055  0.0112
 16 O           0.6180  1.3745 -0.0221  1.0328  0.8324  0.2693  0.2223  0.2961  0.9124  0.7918
                0.9548  0.3139  0.3576  0.4643  0.0204  0.0172  0.0152  0.0034  0.0042 -0.0024
 2 C            0.4912  1.5111  0.2035  0.8907 -0.0563 -0.1834 -0.0162 -0.0484  0.8596  0.6379
                0.6657  0.1667  0.1241  0.1897  0.0147  0.0155  0.0621 -0.0064  0.0190  0.0290
 3 C            0.4881  1.5154  0.2467  0.8958 -0.0565 -0.1102  0.0305 -0.1084  0.8784  0.6992
                0.8421  0.1763  0.1253  0.1817  0.0155  0.0059  0.0178 -0.0099  0.0099  0.0167
 4 C            0.4900  1.5121  0.3596  0.8615 -0.0509 -0.0461  0.1736 -0.0246  0.8121  0.7205
                0.8277  0.1541  0.1417  0.1821  0.0205  0.0115  0.0234 -0.0145  0.0107  0.0198
 9 C            0.4885  1.5152  0.1976  0.9066 -0.0580 -0.1622 -0.0107 -0.1630  0.8587  0.7147
                0.8854  0.1843  0.1248  0.1739  0.0250  0.0140  0.0179 -0.0118  0.0065  0.0107
 10 C           0.4895  1.5124  0.4040  0.8486 -0.0494 -0.0854  0.2137  0.0164  0.8446  0.7231
                0.7968  0.1709  0.1453  0.1602  0.0252  0.0117  0.0198 -0.0140  0.0082  0.0138
 15 C           0.4911  1.5116  0.1695  0.9000 -0.0577 -0.0730 -0.0662 -0.2032  0.7080  0.6597
                0.8198  0.1898  0.1259  0.1613  0.0401  0.0201  0.0410 -0.0028  0.0169  0.0193
 5 S            0.4643  1.5004  1.4726  0.5764  0.7916  0.7907  0.7894  1.2118  1.2124  1.2143
                0.0812  1.1451 -0.2215  0.3900  0.3839  0.3594  0.6047  0.4700  0.5423 -0.1057
               -0.0906 -0.1252  0.1424  0.1957  0.1490  0.1224  0.2210  0.1019
 11 S           0.4642  1.5006  1.4708  0.5797  0.7904  0.7893  0.7920  1.2133  1.2143  1.2108
                0.0778  1.1385 -0.2324  0.3741  0.3636  0.4025  0.6008  0.4903  0.4745 -0.1222
               -0.1054 -0.0614  0.1090  0.1679  0.2207  0.1246  0.1928  0.1403
 17 H           0.0639  0.5937  0.3319  0.0312  0.0130  0.0187
 18 H          -0.0196  0.2112  0.4004  0.0396  0.0357  0.0334
 19 H           0.0160  0.6340  0.3222  0.0160  0.0178  0.0344
 20 H          -0.0445  0.2122  0.3936  0.0378  0.0312  0.0445

 Gross Charges per Atom (Z minus electrons)
 ==========================================
            -0.4197    0.4303    0.1397   -0.1847    1.6102   -0.6657   -0.6528   -0.5752    0.2819   -0.2554
             1.6186   -0.6607   -0.6687   -0.5820    0.5288   -0.4763   -0.0525    0.2994   -0.0403    0.3252
 Net Total: -0.00000000


 Atom-Atom Population Matrix (off-diagonal elements not doubled)
 ===============================================================

     1 :     7.9835
     2 :     0.5073    4.4795
     3 :    -0.0266    0.4128    4.6776
     4 :     0.0035   -0.0295    0.5863    5.2067
     5 :     0.0000   -0.0010   -0.0307    0.3925   12.7569
     6 :     0.0000    0.0074    0.0317   -0.0732    0.5539    8.2844
     7 :     0.0001   -0.0005   -0.0022   -0.0527    0.5449   -0.0628    8.2805
     8 :     0.0000    0.0016    0.0065   -0.0774    0.2356   -0.0607   -0.0649    8.1321
     9 :     0.0005   -0.0416   -0.0580    0.4032   -0.0192   -0.0044    0.0120   -0.0070    4.4468
    10 :     0.0074   -0.0961   -0.0532   -0.0438    0.0066   -0.0015    0.0012   -0.0035    0.5905    5.3403
    11 :    -0.0005    0.0033   -0.0030    0.0024    0.0002    0.0000    0.0003    0.0002   -0.0183    0.3845
            12.7250
    12 :     0.0000   -0.0002    0.0003   -0.0004    0.0000   -0.0000   -0.0000   -0.0000   -0.0036   -0.0565
             0.5421    8.2900
    13 :     0.0000   -0.0008    0.0017    0.0045    0.0004   -0.0000    0.0000    0.0001    0.0246   -0.0700
             0.5495   -0.0545    8.2810
    14 :     0.0001   -0.0025    0.0002    0.0003    0.0000   -0.0000   -0.0000    0.0000    0.0015   -0.0525
             0.2436   -0.0573   -0.0589    8.1399
    15 :    -0.0495    0.3866   -0.1124   -0.0422   -0.0004    0.0008    0.0003    0.0000   -0.0178    0.3936
            -0.0251    0.0070   -0.0029   -0.0035    4.4145
    16 :     0.0029   -0.0399    0.0075    0.0012   -0.0000   -0.0000   -0.0000    0.0000   -0.0033   -0.0599
             0.0149   -0.0034   -0.0006   -0.0208    0.5152    8.0610
    17 :    -0.0088   -0.0160    0.4263   -0.0430   -0.0184   -0.0080    0.0009   -0.0021   -0.0029   -0.0051
            -0.0003   -0.0000    0.0002   -0.0000    0.0022   -0.0007    0.7335
    18 :     0.0000   -0.0000   -0.0004   -0.0019   -0.0169   -0.0023   -0.0013    0.4190    0.0001    0.0001
             0.0000    0.0000    0.0001    0.0000    0.0000    0.0000   -0.0009    0.3060
    19 :    -0.0001   -0.0010   -0.0041   -0.0516   -0.0146    0.0002   -0.0030   -0.0043    0.4164   -0.0230
            -0.0145    0.0017   -0.0099   -0.0014    0.0035   -0.0009   -0.0042   -0.0011    0.7526
    20 :    -0.0001    0.0001    0.0001   -0.0002    0.0000    0.0000    0.0000    0.0000   -0.0013   -0.0035
            -0.0229   -0.0044    0.0042    0.3935    0.0012    0.0032   -0.0000    0.0000   -0.0004    0.3054



 =================================================
 H I R S H F E L D   C H A R G E   A N A L Y S I S
 =================================================
  
 For each fragment: the (numerical) integral of rho(scf) * rho(fragment)/rho(sum-of-fragments)
 (nuclear charges are included, electrons are counted negative)

 The fragments and their ordering are defined in the early G E O M E T R Y output section.
 If you use single-atom fragments, this usually implies that all atoms of the same
 chemical type are grouped together. This may not be the order in which you listed them
 in the input file!

  Fragment                       Charge
 ------------------------------------------
    1  O                        -0.1660
    2  O                        -0.2860
    3  O                        -0.2887
    4  O                        -0.2038
    5  O                        -0.2979
    6  O                        -0.2832
    7  O                        -0.2037
    8  O                        -0.1713
    9  C                         0.1633
   10  C                        -0.0183
   11  C                        -0.0096
   12  C                        -0.0109
   13  C                        -0.0375
   14  C                         0.1540
   15  S                         0.5606
   16  S                         0.5495
   17  H                         0.0820
   18  H                         0.2118
   19  H                         0.0755
   20  H                         0.1803

 Sum of these charges =          0.00001146
 (accuracy NumInt/Tails)



 =============================
 V O R O N O I   C H A R G E S
 =============================
  
 For each atom: the (numerical) integral of the total electronic charge density in its Voronoi cell,
 i.e. the region of space that is closer to that atom than to any other atom.
 (cf. Wigner-Seitz cells in crystals)

 Within the Voronoi cell the subintegrals over the atomic sphere and the remaining part are evaluated
 separately to give the numbers of electrons (negative charge) in these regions.
 The net total charge in the cell (including the nuclear charge) is also given.

 Values are provided for
    a) the Initial (sum-of-fragments) density
    b) the Orthogonalized-Fragments density
    c) the SCF density
    d) the Voronoi Deformation Density (VDD): the difference SCF-Initial for the complete atomic cell

  Atom                Initial                    OrthFrag                   SCF
             Sphere RestCell NetTotal   Sphere RestCell NetTotal   Sphere RestCell NetTotal      VDD
 -------     ------------------------   ------------------------   ------------------------    -----
    1 O      -2.648   -5.526   -0.174   -2.780   -5.392   -0.172   -2.673   -5.653   -0.326   -0.152
    2 C      -2.168   -3.663    0.168   -2.301   -3.523    0.176   -2.190   -3.486    0.323    0.155
    3 C      -2.165   -3.264    0.570   -2.314   -3.272    0.414   -2.197   -3.282    0.522   -0.048
    4 C      -2.166   -3.979   -0.144   -2.321   -3.787   -0.107   -2.196   -3.988   -0.184   -0.040
    5 S      -9.833   -4.485    1.682   -9.915   -4.782    1.303   -9.795   -3.973    2.232    0.550
    6 O      -2.646   -5.867   -0.514   -2.751   -5.661   -0.412   -2.674   -6.156   -0.830   -0.316
    7 O      -2.646   -5.880   -0.527   -2.749   -5.670   -0.419   -2.673   -6.167   -0.840   -0.313
    8 O      -2.647   -5.208    0.145   -2.777   -5.076    0.147   -2.679   -5.378   -0.057   -0.202
    9 C      -2.167   -3.262    0.572   -2.319   -3.272    0.410   -2.196   -3.253    0.551   -0.020
   10 C      -2.164   -3.988   -0.152   -2.317   -3.802   -0.119   -2.197   -4.034   -0.231   -0.079
   11 S      -9.834   -4.476    1.690   -9.915   -4.770    1.315   -9.795   -3.961    2.244    0.554
   12 O      -2.646   -5.889   -0.535   -2.749   -5.675   -0.424   -2.673   -6.181   -0.855   -0.319
   13 O      -2.647   -5.872   -0.519   -2.752   -5.665   -0.417   -2.674   -6.156   -0.830   -0.311
   14 O      -2.647   -5.223    0.130   -2.779   -5.111    0.110   -2.678   -5.387   -0.066   -0.195
   15 C      -2.168   -3.667    0.165   -2.304   -3.537    0.159   -2.189   -3.488    0.323    0.158
   16 O      -2.648   -5.499   -0.147   -2.785   -5.357   -0.143   -2.674   -5.646   -0.320   -0.173
   17 H      -0.073   -1.520   -0.593   -0.095   -1.347   -0.442   -0.111   -1.349   -0.460    0.133
   18 H      -0.080   -1.511   -0.591   -0.080   -1.388   -0.468   -0.104   -1.234   -0.339    0.252
   19 H      -0.073   -1.540   -0.614   -0.096   -1.355   -0.451   -0.111   -1.365   -0.477    0.137
   20 H      -0.080   -1.531   -0.612   -0.085   -1.375   -0.460   -0.103   -1.279   -0.382    0.229
 ---------------------------------------------------------------------------------------------------
 Total NetCharge:               0.000                      0.000                      0.000    0.000
 (accuracy NumInt/Tails)

 Remark: the 'NetTotal' Voronoi charges often do not match the Mulliken and/or Hirshfeld charges very
 well. This is caused by the fact that chemically different atoms are not treated in accordance with
 their relative sizes. (Voronoi cells are defined by boundary planes halfway between the atoms.)
 However, the CHANGES in charge, comparing 'Initial' to 'SCF' for instance, do give a fair indication
 of the flow of charge caused by the relaxation from sum-of-fragments to self-consistency.

 Warning: the absolute accuracy of the VDD charges obtained using the Fuzzy Cells (Becke) integration
 scheme is much poorer than the one obtained with an 'equivalent' Voronoi integration grid. 



 =================================================================
 M U L T I P O L E   D E R I V E D   C H A R G E   A N A L Y S I S
 =================================================================

 This charge analysis uses the atomic multipoles (obtained from the fitted density) up to some level X,
 and reconstructs these multipoles exactly (up to level X) by distributing charges over all atoms.
 This is achieved by using Lagrange multipliers and a weight function to keep the multipoles local.

 Dummy atoms can be included (by setting INCDUM in MDC-block to 1) to obtain a fractional charge.
 This is generally useful and necessary only for small symmetrical molecules, when there are not
 enough degrees of freedom to reconstruct the multipoles.

 Since the atomic multipoles are reconstructed up to level X,
 the molecular multipoles are represented also up to level X.
 The recommended level is to reconstruct up to quadrupole : -> MDC-q charges.

 See: M. Swart, P.Th. van Duijnen, J.G. Snijders, J.Comput.Chem., (2001), p. 79-88.

 ------------------------------------------------------------- 
 Atomic electronic multipole moments from SCF equations (a.u.)
 ------------------------------------------------------------- 

   atom        charge        dip-x     dip-y     dip-z      quad-xx   quad-xy   quad-xz   quad-yy   quad-yz   quad-zz
 --------------------------------------------------------------------------------------------------------------------
    1 O     -0.269776    -0.000199 -0.105816 -0.273715    -0.543832 -0.022547  0.045610 -0.002130  0.172452  0.545962
    2 C      0.247716     0.000365  0.025798  0.059704     0.131616  0.044601  0.002151 -0.263992  0.125927  0.132376
    3 C      0.105634    -0.026532  0.034563  0.094860     0.318000  0.052947 -0.066211 -0.589280  0.287520  0.271280
    4 C     -0.178490     0.266533  0.077754  0.069657     0.127009 -0.021748 -0.148130 -0.533635  0.282587  0.406625
    5 S      2.116464    -0.118336  0.007104 -0.125168    -0.087614 -0.039253 -0.144669  0.092280  0.021238 -0.004667
    6 O     -0.810589    -0.117825  0.038245  0.088793     0.221388 -0.106481 -0.277847 -0.321320  0.108426  0.099932
    7 O     -0.809839    -0.005099 -0.140777 -0.066951    -0.312804 -0.044394 -0.039813  0.572166  0.174695 -0.259362
    8 O     -0.512511    -0.309063  0.020781 -0.329612     0.146407  0.055404  0.354867 -0.360327 -0.213519  0.213920
    9 C      0.116736    -0.050889 -0.028142 -0.060284     0.303504  0.076293  0.000807 -0.534852  0.289492  0.231348
   10 C     -0.207797    -0.223239  0.061894  0.190163     0.283147  0.157674  0.161079 -0.485952  0.312872  0.202805
   11 S      2.124789     0.169640  0.039082 -0.093153    -0.167043  0.014554  0.140609  0.047589 -0.036493  0.119454
   12 O     -0.816493     0.107728 -0.092355  0.052554    -0.129632 -0.241188  0.170476  0.251613 -0.198118 -0.121981
   13 O     -0.802932    -0.021579 -0.008611 -0.143386    -0.189283  0.074465  0.171690 -0.331905  0.083669  0.521187
   14 O     -0.503885     0.224159  0.135213  0.340862    -0.300641  0.265572  0.297487 -0.057219  0.112021  0.357861
   15 C      0.240632     0.047668  0.025699  0.039607     0.172537  0.081854  0.020784 -0.233071  0.125371  0.060534
   16 O     -0.296180    -0.241481 -0.095036 -0.102891     0.471032  0.214405  0.167775 -0.156336 -0.033537 -0.314695
   17 H     -0.006855    -0.035868  0.013331  0.040508     0.134528 -0.016202 -0.089094 -0.134763  0.031093  0.000235
   18 H      0.142266    -0.083173  0.020265 -0.100737     0.072667  0.018868  0.087699 -0.088134 -0.005304  0.015467
   19 H     -0.010260    -0.003831 -0.019813 -0.048454    -0.085039  0.008467  0.013231 -0.070663  0.089756  0.155702
   20 H      0.131370     0.071790  0.052278  0.077523    -0.026590  0.023260  0.066968 -0.057426  0.015126  0.084016

 --------------------------------------- 
 Multipole derived atomic charges (a.u.)
 --------------------------------------- 

 The MDC-m charges are just the Monopole terms in the multipole expansion, while for the MDC-d charges
 also the Dipoles are reconstructed. The usually preferred charges are the MDC-q charges.
 These reconstruct the Monopoles, Dipoles and Quadrupoles (both atomic AND molecular).

        Atom    Level:     MDC-m        MDC-d        MDC-q
 ---------------------------------------------------------
     1     O           -0.269776    -0.352810    -0.119586
     2     C            0.247716     0.337383    -0.071429
     3     C            0.105634     0.093369    -0.148025
     4     C           -0.178490    -0.179462    -0.108731
     5     S            2.116464     1.650487     2.167027
     6     O           -0.810589    -0.675558    -0.814778
     7     O           -0.809839    -0.673697    -0.783606
     8     O           -0.512511    -0.666911    -0.716276
     9     C            0.116736     0.105363    -0.079448
    10     C           -0.207797    -0.203067     0.161154
    11     S            2.124789     1.667608     1.237028
    12     O           -0.816493    -0.685588    -0.591967
    13     O           -0.802932    -0.654390    -0.410212
    14     O           -0.503885    -0.634373    -0.636516
    15     C            0.240632     0.333133     0.641603
    16     O           -0.296180    -0.378918    -0.533676
    17     H           -0.006855     0.044884     0.126560
    18     H            0.142266     0.433570     0.410516
    19     H           -0.010260     0.032027    -0.168323
    20     H            0.131370     0.406951     0.438685

 ------------------------------------------------ 
 Average absolute deviations in atomic multipoles
 ------------------------------------------------ 

 Stated here are the average differences between the atomic multipoles
 and the reconstructed atomic multipoles (from the distributed charges).
 If these values are not zero, this means there are not enough degrees of freedom,
 to be able to reconstruct the atomic multipoles. (This usually happens only
 for small and/or highly symmetric molecules). If this is the case, one could add
 dummy atoms as extra point charges (and setting INCDUM in MDC-block to 1).

 Level:                                 MDC-d        MDC-q
 ---------------------------------------------------------
 Charge   (a.u.)                       0.0000       0.0000
 Dipole   (Debye)                      0.0000       0.0000
 Quad.    (a.u.)                       0.1947       0.0000

 --------------------------------------- 
 Represented molecular multipole moments
 --------------------------------------- 

 Given here are the Molecular multipole moments from the atomic charges, and from the Fit Density.
 Note that the atomic charges represent the latter, NOT the ones from the Exact density.

            Q (a.u.)             Dipole moment (Debye)                                          Quadrupole moment (a.u.)
                                 x         y         z              xx        xy        xz        yy        yz        zz
------------------------------------------------------------------------------------------------------------------------
MDC-m        -0.0000       -1.9906    2.2935    0.1287         -8.9597   -0.8832    4.6636    7.4143   -8.5243    1.5455
MDC-d         0.0000       -2.8782    2.4497   -0.6087         -0.7942   -0.1804   12.2575    2.1739   -8.1571   -1.3797
MDC-q        -0.0000       -2.8782    2.4497   -0.6087          0.0491   -0.3338   11.5088   -0.3435   -7.7664    0.2943
 
Fit.Dens.    -0.0000       -2.8782    2.4497   -0.6087          0.0491   -0.0355   11.9765   -0.3435   -6.8938    0.2943



 =============
 Dipole Moment  ***  (Debye)  ***
 =============
  
 Vector   :        -2.87825943      2.44984927     -0.60869364
 Magnitude:         3.82840003

 This molecular dipole moment is calculated with analytic integration



 =========================================
 Quadrupole Moment (Buckingham convention)  ***  (a.u.)  ***
 =========================================
  
      quad-xx        quad-xy        quad-xz        quad-yy        quad-yz        quad-zz
      0.04939774     0.26288141    12.44458856    -0.34386660    -6.02111402     0.29446886

 This molecular quadrupole moment is calculated with analytic integration



 ===========================
 B O N D I N G   E N E R G Y  ***  (decomposition)  ***
 ===========================
  
*** IMPORTANT NOTE ***

The bond energy is computed as an energy difference between molecule and
fragments. In particular when the fragments are single atoms, they are usually
computed as SPHERICALLY SYMMETRIC and SPIN-RESTRICTED. Obviously, this usually
does NOT represent the true atomic groundstate.

To obtain the 'real' bond energy, (atomic) correction terms must be applied
for the true (multiplet) fragment ground state. See ref: E.J.Baerends,
V.Branchadell, M.Sodupe, Chem.Phys.Lett.265 (1997) 481

General theoretical background on the bond energy decomposition scheme used
here (Morokuma-Ziegler) can be found in the review paper:
F.M. Bickelhaupt and E.J. Baerends,
"Kohn-Sham Density Functional Theory: Predicting and Understanding Chemistry"
In: Rev. Comput. Chem.; Lipkowitz, K. B. and Boyd, D. B., Eds.;
Wiley-VCH: New York, 2000, Vol. 15, 1-86.

Symbols used in the Bickelhaupt-Baerends (BB) paper are given below to make
the direct connection to that paper, where detailed explanations can be found
on the meaning of the various terms.


                                                   hartree              eV         kcal/mol           kJ/mol
                                      --------------------     -----------       ----------      -----------

Pauli Repulsion
  Kinetic (Delta T^0):                  65.612411199838391       1785.4046         41172.41        172265.36
  Delta V^Pauli Coulomb:               -35.559927313596461       -967.6349        -22314.19        -93362.58
  Delta V^Pauli LDA-XC:                 -7.994182627566271       -217.5328         -5016.43        -20988.72
  Delta V^Pauli MetaHybrid-LDA:          0.930057962704279         25.3082           583.62          2441.87
                                      --------------------     -----------       ----------      -----------
  Total Pauli Repulsion:                22.988359221379934        625.5451         14425.41         60355.93
 (Total Pauli Repulsion =
  Delta E^Pauli in BB paper)

Steric Interaction
  Pauli Repulsion (Delta E^Pauli):      22.988359221379934        625.5451         14425.41         60355.93
  Electrostatic Interaction:            -5.547474880267586       -150.9545         -3481.09        -14564.89
 (Electrostatic Interaction =
  Delta V_elstat in the BB paper)
                                      --------------------     -----------       ----------      -----------
  Total Steric Interaction:             17.440884341112348        474.5906         10944.32         45791.04
 (Total Steric Interaction =
  Delta E^0 in the BB paper)

Orbital Interactions
  A:                                   -21.548665932435473       -586.3690        -13521.99        -56576.01
  MetaHybrid correction:                -3.010368471302906        -81.9163         -1889.03         -7903.72
                                      --------------------     -----------       ----------      -----------
  Total Orbital Interactions:          -24.559034403738380       -668.2853        -15411.03        -64479.74

Alternative Decomposition Orb.Int.
  Kinetic:                             -59.069197517271313      -1607.3546        -37066.48       -155086.16
  Coulomb:                              35.319813598532619        961.1010         22163.52         92732.16
  XC:                                   -0.809650484999736        -22.0317          -508.06         -2125.74
                                      --------------------     -----------       ----------      -----------
  Total Orbital Interactions:          -24.559034403738430       -668.2853        -15411.03        -64479.74

  Residu (E=Steric+OrbInt+Res):         -0.000000370315367         -0.0000            -0.00            -0.00

Total Bonding Energy:                   -7.118150432941399       -193.6947         -4466.71        -18688.70


Summary of Bonding Energy (energy terms are taken from the energy decomposition above)
======================================================================================

  Electrostatic Energy:                 -5.547474880267586       -150.9545         -3481.09        -14564.89
  Kinetic Energy:                        6.543213682567078        178.0499          4105.93         17179.21
  Coulomb (Steric+OrbInt) Energy:       -0.240114085379211         -6.5338          -150.67          -630.42
  XC Energy:                            -7.873775149861729       -214.2563         -4940.87        -20672.59
                                      --------------------     -----------       ----------      -----------
  Total Bonding Energy:                 -7.118150432941448       -193.6947         -4466.71        -18688.70


Correction terms (incorporated in energies above; only for test purposes):

1. Indication of fit-quality: 1st-order fit-correction used in the energy (hartree):   0.0000429454
2. Electrostatic (Fit correction):   0.0000000000

 TOTAL BONDING ENERGIES FROM VARIOUS XC FUNCTIONALS 

 with respect to fragments in FRAGMENTS input block 

                                hartree               eV              kcal/mol            kJ/mol

 Total Bonding Energy with respect to FRAGMENTS 

XC Energy Functional
====================
FR: KCIS-modified  [1]  =        -4.3057322388     -117.1649356104    -2701.8880568342   -11304.6983925178
FR: KCIS-original  [2]  =        -4.4217557537     -120.3220960880    -2774.6939193010   -11609.3180877389
FR: PKZB           [3]  =        -4.4189981404     -120.2470576133    -2772.9634906744   -11602.0779751579
FR: VS98           [4]  =        -4.6555818449     -126.6848277691    -2921.4220222816   -12223.2284034187
FR: LDA(VWN)       [5]  =        -5.0378430568     -137.0866845936    -3161.2945795144   -13226.8550730357
FR: PW91           [6]  =        -4.6361423749     -126.1558528754    -2909.2235693888   -12172.1900821011
FR: BLYP           [7]  =        -4.3368957583     -118.0129381248    -2721.4434626725   -11386.5182015905
FR: BP             [8]  =        -4.5536479316     -123.9110648588    -2857.4575192439   -11955.6009520000
FR: PBE            [9]  =        -4.6126093127     -125.5154856703    -2894.4563483402   -12110.4040359963
FR: RPBE           [10] =        -4.4204802089     -120.2873867503    -2773.8935028233   -11605.9691455630
FR: revPBE         [11] =        -4.4460004069     -120.9818266698    -2789.9076704990   -11672.9724157846
FR: OLYP           [12] =        -4.4554875300     -121.2399844244    -2795.8609307500   -11697.8808539484
FR: FT97           [13] =        -4.3323657806     -117.8896711585    -2718.6008584196   -11374.6247466981
FR: BLAP3          [14] =        -4.5599968488     -124.0838276856    -2861.4415253437   -11972.2700316974
FR: HCTH/93        [15] =        -4.4961962247     -122.3477243699    -2821.4060250494   -11804.7615167995
FR: HCTH/120       [16] =        -4.5669088456     -124.2719126887    -2865.7788692855   -11990.4174767635
FR: HCTH/147       [17] =        -4.5621210895     -124.1416312169    -2862.7745066678   -11977.8472249468
FR: HCTH/407       [18] =        -4.5302234820     -123.2736531520    -2842.7584536151   -11894.1000681404
FR: BmTau1         [19] =        -4.5160082576     -122.8868372140    -2833.8382646719   -11856.7780016867
FR: BOP            [20] =        -4.2696455278     -116.1829662433    -2679.2433014622   -11209.9527464110
FR: PKZBx-KCIScor  [21] =        -4.3598271503     -118.6369330495    -2735.8331299029   -11446.7245626928
FR: VS98-x(xc)     [22] =        -3.9921835792     -108.6328424688    -2505.1332817043   -10481.4765034744
FR: VS98-x-only    [23] =        -4.1527382226     -113.0017566067    -2605.8828521206   -10903.0126599598
FR: Becke00        [24] =        -4.6867994442     -127.5343018666    -2941.0113636364   -12305.1901986766
FR: Becke00x(xc)   [25] =        -4.2006401517     -114.3052344193    -2635.9417696276   -11028.7791570444
FR: Becke00-x-only [26] =        -5.1256350751     -139.4756269621    -3216.3849085485   -13457.3529844867
FR: Becke88x+BR89c [27] =        -4.4917500506     -122.2267378174    -2818.6160083997   -11793.0880884146
FR: OLAP3          [28] =        -4.6785886205     -127.3108739851    -2935.8589934211   -12283.6326840553
FR: TPSS           [29] =        -4.6548922386     -126.6660626257    -2920.9892877207   -12221.4178422140
FR: mPBE           [30] =        -4.5606555307     -124.1017513319    -2861.8548545178   -11973.9994007727
FR: OPBE           [31] =        -4.6623450023     -126.8688626443    -2925.6659680379   -12240.9850705195
FR: OPerdew        [32] =        -4.6722397033     -127.1381111584    -2931.8749873213   -12266.9636043580
FR: mPBEKCIS       [33] =        -4.4622608884     -121.4242968858    -2800.1112777973   -11715.6643040480
FR: mPW            [34] =        -4.5571398143     -124.0060838194    -2859.6487088979   -11964.7688885091
FR: tau-HCTH       [35] =        -4.6361274911     -126.1554478664    -2909.2142296570   -12172.1510046677
FR: XLYP           [36] =        -4.3132717724     -117.3700967580    -2706.6191860885   -11324.4934351515
FR: KT1            [37] =        -4.7388640654     -128.9510522951    -2973.6824101599   -12441.8858423697
FR: KT2            [38] =        -4.9576464590     -134.9044241334    -3110.9704493177   -13016.2989353375
FR: M06-L          [39] =        -4.9439284319     -134.5311376250    -3102.3622564843   -12980.2822604649
FR: BLYP-D         [40] =        -4.3631201688     -118.7265406410    -2737.8995304014   -11455.3703814323
FR: BP86-D         [41] =        -4.5765942908     -124.5354670605    -2871.8565785066   -12015.8466093616
FR: PBE-D          [42] =        -4.6289995692     -125.9614872430    -2904.7413906707   -12153.4366483973
FR: TPSS-D         [43] =        -4.6767459139     -127.2607313892    -2934.7026774948   -12278.7946587489
FR: B97-D          [44] =        -4.4762924463     -121.8061150034    -2808.9162142445   -11752.5041541111
FR: revTPSS        [45] =        -4.6823558261     -127.4133848654    -2938.2229508773   -12293.5234809693
FR: PBEsol         [46] =        -4.8115582742     -130.9291623624    -3019.2987196652   -12632.7444604510
FR: RGE2           [47] =        -4.6652387162     -126.9476046080    -2927.4818011642   -12248.5825154883
FR: SSB-D          [48] =        -4.7705585352     -129.8135027000    -2993.5709923239   -12525.0996610362
FR: MVS            [49] =        -5.2559580194     -143.0218947137    -3298.1637994292   -13799.5158264829
FR: MVSx           [50] =        -4.5286620013     -123.2311631012    -2841.7786096002   -11890.0004012306
FR: t-MGGA         [51] =        -4.4320641921     -120.6026029705    -2781.1625627708   -11636.3828890546
FR: TASKCC         [52] =        -4.6248127714     -125.8475586789    -2902.1141351265   -12142.4442124031
FR: TPSSh          [53] =        -5.2044433583     -141.6201094607    -3265.8378581097   -13664.2641028048
FR: B3LYP(VWN5)    [54] =        -5.5054597679     -149.8111827317    -3454.7285268768   -14454.5825744277
FR: O3LYP(VWN5)    [55] =        -5.3493721178     -145.5638216631    -3356.7820373010   -14044.7745068952
FR: KMLYP(VWN5)    [56] =        -7.7723722974     -211.4970112556    -4877.2377656379   -20406.3605779940
FR: PBE0           [57] =        -6.0045924092     -163.3932729629    -3767.9390210507   -15765.0551386227
FR: B3LYP*(VWN5)   [58] =        -5.2654265585     -143.2795467712    -3304.1053980248   -13824.3754722858
FR: BHandH         [59] =        -7.5733521323     -206.0813970150    -4752.3507133743   -19883.8332085127
FR: BHandHLYP      [60] =        -7.1552899925     -194.7053473727    -4490.0127322833   -18786.2112157607
FR: B97            [61] =        -5.5490838621     -150.9982547335    -3482.1030621647   -14569.1176175368
FR: B97-1          [62] =        -5.6632178418     -154.1039983419    -3553.7232232598   -14868.7763387614
FR: B97-2          [63] =        -5.7148081250     -155.5078413743    -3586.0966181079   -15004.2266079813
FR: mPBE0KCIS      [64] =        -5.8672324305     -159.6555177629    -3681.7443239633   -15404.4165654804
FR: mPBE1KCIS      [65] =        -5.4569807402     -148.4920012668    -3424.3074744828   -14327.3009051421
FR: B1LYP(VWN5)    [66] =        -5.7460928754     -156.3591427487    -3605.7280974779   -15086.3647086756
FR: B1PW91(VWN5)   [67] =        -5.9471591193     -161.8304336266    -3731.8990837142   -15614.2640573106
FR: mPW1PW         [68] =        -5.9615424783     -162.2218247391    -3740.9247787060   -15652.0275610234
FR: mPW1K          [69] =        -6.9614771751     -189.4314322740    -4368.3933404094   -18277.3557358535
FR: tau-HCTH-hybrid[70] =        -5.3901232161     -146.6727154710    -3382.3537403062   -14151.7665005590
FR: X3LYP(VWN5)    [71] =        -5.6256732091     -153.0823569030    -3530.1636080220   -14770.2029193954
FR: OPBE0          [72] =        -6.0418941764     -164.4083056933    -3791.3462358239   -15862.9909145151
FR: M05            [73] =        -5.8943909138     -160.3945376964    -3698.7865313591   -15475.7211534203
FR: M05-2X         [74] =        -7.2356950909     -196.8932814245    -4540.4676986342   -18997.3147718680
FR: M06            [75] =        -5.9044960618     -160.6695127632    -3705.1276081084   -15502.2522156352
FR: M06-2X         [76] =        -7.1181504329     -193.6947285369    -4466.7073043569   -18688.7013159888
FR: B3LYP-D        [77] =        -5.5284061271     -150.4355849334    -3469.1275861395   -14514.8282317892

 REFERENCES FOR XC ENERGY FUNCTIONALS 

[ 1] J.B. Krieger, J. Chen, G.J. Iafrate, and S. Kurth
     modified Krieger-Chen-Iafrate-Savin functional, unpublished
[ 2] original Krieger-Chen-Iafrate-Savin functional
     J.B. Krieger, J. Chen, G.J. Iafrate, and A. Savin
     In: Electron Correlations and Materials Properties
     Editors: A. Gonis and N. Kioussis (Plenum, New York, 1999)
[ 3] J.P. Perdew, S. Kurth, A. Zupan, and P. Blaha
     Phys. Rev. Lett. 82 (1999) 2544, Ibid. E 82 (1999) 5179
[ 4] T. van Voorhis and G.E. Scuseria, J. Chem. Phys. 109 (1998) 400
[ 5] S.H. Vosko, L. Wilk, and M. Nusair, Can. J. Phys. 58 (1980) 1200
[ 6] J.P. Perdew in: Electronic Structure of Solids 1991
     Ed. P. Ziesche and H. Eschrig (Akademie, Berlin, 1991) p. 11
      and
      J.P. Perdew, J.A. Chevary, S.H. Vosko, K.A. Jackson, M.R. Pederson
      D.J. Singh, and C. Fiolhais, Phys. Rev. B46 (1992) 6671
      Ibid. E 48 (1993) 4978
[ 7] A.D. Becke, Phys. Rev. A38 (1988) 3098
      and
      C. Lee, W. Yang, and R.G. Parr, Phys. Rev. B37 (1988) 785
[ 8] A.D. Becke, Phys. Rev. A38 (1988) 3098
      and
     J.P. Perdew, Phys. Rev. B33 (1986) 8822
     Erratum: J.P. Perdew, Phys. Rev. B34 (1986) 7406
[ 9] J.P. Perdew, K. Burke, and M. Ernzerhof, Phys. Rev. Lett.
      77 (1996) 3865, Ibid. E 78 (1997) 1396
[10] B. Hammer, L.B. Hansen, J.K. Norskov, Phys. Rev. B59 (1999) 7413
[11] Y. Zhang and W. Yang, Phys. Rev. Lett. 80 (1998) 890
[12] N.C. Handy, and A.J. Cohen Mol.Phys.99 (2001) 403
      and
      C. Lee, W. Yang, and R.G. Parr, Phys. Rev. B37 (1988) 785
[13] M. Filatov and W. Thiel, Mol. Phys. 91 (1997) 847
[14] E.I. Proynov, S. Sirois, and D.R. Salahub
     Int. J. Quant. Chem. 64 (1997) 427
[15] F.A. Hamprecht, A.J. Cohen, D.J. Tozer, and N.C. Handy
      J. Chem. Phys. 109 (1998) 6264
[16] A.D. Boese, N.L. Doltsinis, N.C. Handy, and M. Sprik
      J. Chem. Phys. 112 (2000), 1670
[17] A.D. Boese, N.L. Doltsinis, N.C. Handy, and M. Sprik
      J. Chem. Phys. 112 (2000), 1670
[18] A.D. Boese and N.C. Handy, J. Chem. Phys. 114, (2001) 5497
[19] E.I. Proynov, H. Chermette, and D.R. Salahub, J. Chem. Phys. 113, (2000) 10013
[20] A.D. Becke, Phys. Rev. A38 (1988) 3098
      and
      T. Tsuneda, T. Suzumura, and K. Hirao
      J. Chem. Phys. 110 (1999) 10664
[21] PKZB exchange, KCIS correlation as in
     S. Kurth, J.P. Perdew, and P. Blaha,
     Int. J. Quant. Chem. 75 (1999) 889
[24] A.D. Becke, J. Chem. Phys. 112 (2000) 4020
[25] A.D. Becke, J. Chem. Phys. 112 (2000) 4020
[26] A.D. Becke, J. Chem. Phys. 112 (2000) 4020
[27] A.D. Becke and M.R. Roussel, Phys. Rev. A39 (1989) 3761
     A.D. Becke, J. Chem. Phys. 88 (1988) 1053
     A.D. Becke, Int. J. Quant. Chem. (Symp.) 28 (1994) 625
[28] N.C. Handy, and A.J. Cohen Mol.Phys.99 (2001) 403
      and
     E.I. Proynov, S. Sirois, and D.R. Salahub
     Int. J. Quant. Chem. 64 (1997) 427
[29] J. Tao, J.P. Perdew, V.N. Staroverov and G.E. Scuseria
     Phys. Rev. Lett. 91 (2003) 146401
     V.N. Staroverov, G.E. Scuseria, J. Tao and J.P. Perdew
     J. Chem. Phys. 119(23) (2003) 12129-12137
[30] C. Adamo, V. Barone
     J. Chem. Phys. 116 (2002) 5933
[31] M. Swart, A.W. Ehlers, K. Lammertsma, Mol. Phys. 102 (2004) 2467
     see also:
     N.C. Handy, and A.J. Cohen Mol.Phys.99 (2001) 403
     J.P. Perdew, K. Burke, and M. Ernzerhof, Phys. Rev. Lett. 77 (1996) 3865, 78 (1997) 1396
[32] N.C. Handy, and A.J. Cohen Mol.Phys.99 (2001) 403
      and
     J.P. Perdew, Phys. Rev. B33 (1986) 8822
     Erratum: J.P. Perdew, Phys. Rev. B34 (1986) 7406
[33] J. Toulouse and C. Adamo
     Chem. Phys. Lett. 362 (2002) 72
[34] C. Adamo and V. Barone
     J. Chem. Phys. 108 (1998) 664
[35] A.D. Boese and N.C. Handy
     J. Chem. Phys. 116 (2002) 9559
[36] X. Xu and W.A. Goddard III
     PNAS 101 (2004) 2673
[37] T.W. Keal and D.J. Tozer
     J. Chem. Phys. 119 (2003) 3015
[38] T.W. Keal and D.J. Tozer
     J. Chem. Phys. 119 (2003) 3015
[39] Y. Zhao and D.G. Truhlar
     J. Chem. Phys. 125 (2006) 194101
[40] S. Grimme
     J. Comput. Chem. 27 (2006) 1787
[41] S. Grimme
     J. Comput. Chem. 27 (2006) 1787
[42] S. Grimme
     J. Comput. Chem. 27 (2006) 1787
[43] S. Grimme
     J. Comput. Chem. 27 (2006) 1787
[44] S. Grimme
     J. Comput. Chem. 27 (2006) 1787
[45] J.P. Perdew, A. Ruzsinszky, G.I. Csonka, L.A. Constantin, and J. Sun,
     Phys. Rev. Lett. 103, 026403 (2009)
[46] J.P. Perdew, A. Ruzsinszky, G.I. Csonka, O.A. Vydrov, G.E. Scuseria,
     L.A. Constantin, X. Zhou, and K. Burke, Phys.Rev.Lett. 100, 136406 (2008)
[47] A. Ruzsinszky, G.I. Csonka, and G.E. Scuseria
     J. Chem. Theory Comput. 5, 763 (2009)
[48] M. Swart, M. Sola and F.M. Bickelhaupt
     J. Chem. Phys. 2009, 131, 094103
     See also: J. Comp. Meth. Sci. Engin. 2009, 9, 69
     Contains portions of :
     Disp.Correction: S. Grimme, J. Comput. Chem. 27 (2006) 1787
     KT1: T.W. Keal and D.J. Tozer, J. Chem. Phys. 119 (2003) 3015
[49] J. Sun, J.P. Perdew, A. Ruzsinszky
     PNAS 112, 685 (2014)
[50] J. Sun, J.P. Perdew, A. Ruzsinszky
     PNAS 112, 685 (2014)
[51] P. de Silva and C. Corminboeuf
     J. Chem. Phys. 143, 111105 (2015)
     P. de Silva and C. Corminboeuf
     J. Chem. Theory Comput. 10, 3745 (2014)
[52] T. Lebeda, T. Aschebrock, and S. Kuemmel
     Phys. Rev. Res. 4, 023061 (2022)
[53] J. Tao, J.P. Perdew, V.N. Staroverov and G.E. Scuseria
     Phys. Rev. Lett. 91 (2003) 146401
     V.N. Staroverov, G.E. Scuseria, J. Tao and J.P. Perdew
     J. Chem. Phys. 119(23) (2003) 12129-12137
     Exact exchange based on: M.A. Watson et al.
     J. Chem. Phys. 119(13) (2003) 6475-6481
[54] P.J. Stephens, F.J. Devlin, C.F. Chabalowski and M.J. Frisch
     J. Phys. Chem. 98 (1994) 11623-11627
     Exact exchange based on: M.A. Watson et al.
     J. Chem. Phys. 119(13) (2003) 6475-6481
     VWN1/VWN5 see: R.H. Hertwig, W. Koch, Chem. Phys. Lett. 268 (1997) 345-351
[55] A.J. Cohen and N.C. Handy
     Mol. Phys., 99(7) (2001) 607-615
     Exact exchange based on: M.A. Watson et al.
     J. Chem. Phys. 119(13) (2003) 6475-6481
[56] J.K. Kang and C.B. Musgrave
     J. Chem. Phys. 115(24) (2001) 11040-11051
     Exact exchange based on: M.A. Watson et al.
     J. Chem. Phys. 119(13) (2003) 6475-6481
[57] J.P. Perdew, M. Ernzerhof and K. Burke, J.Chem.Phys. 105 (1996) 9982
     M. Ernzerhof and G. Scuseria, J. Chem. Phys. 110 (1999) 5029
     C. Adamo and V. Barone, J. Chem. Phys. 110 (1999) 6158
     Exact exchange based on: M.A. Watson et al.
     J. Chem. Phys. 119(13) (2003) 6475-6481
[58] M. Reiher, O. Salomon and B.A. Hess
     Theor. Chem. Acc., 107 (2001) 48
     Exact exchange based on: M.A. Watson et al.
     J. Chem. Phys. 119(13) (2003) 6475-6481
     VWN1/VWN5 see: R.H. Hertwig, W. Koch, Chem. Phys. Lett. 268 (1997) 345-351
[59] 50% exact exchange and 50% LDA exchange, plus LYP correlation
     Exact exchange based on: M.A. Watson et al.
     J. Chem. Phys. 119(13) (2003) 6475-6481
      C. Lee, W. Yang, and R.G. Parr, Phys. Rev. B37 (1988) 785
[60] 50% exact exchange and 50% Becke88 exchange, plus LYP correlation
     Exact exchange based on: M.A. Watson et al.
     J. Chem. Phys. 119(13) (2003) 6475-6481
      C. Lee, W. Yang, and R.G. Parr, Phys. Rev. B37 (1988) 785
[61] A.D. Becke
     J. Chem. Phys. 107(20) (1997) 8554
     Exact exchange based on: M.A. Watson et al.
     J. Chem. Phys. 119(13) (2003) 6475-6481
[62] F.A. Hamprecht, A.J. Cohen, D.J. Tozer and N.C. Handy
     J. Chem. Phys. 109(15) (1998) 6264
     Exact exchange based on: M.A. Watson et al.
     J. Chem. Phys. 119(13) (2003) 6475-6481
[63] P.J. Wilson, T.J. Bradley and D.J. Tozer
     J. Chem. Phys. 115(20) (2001) 9233
     Exact exchange based on: M.A. Watson et al.
     J. Chem. Phys. 119(13) (2003) 6475-6481
[64] J. Toulouse and C. Adamo
     Chem. Phys. Lett. 362 (2002) 72
     Exact exchange based on: M.A. Watson et al.
     J. Chem. Phys. 119(13) (2003) 6475-6481
[65] J. Toulouse and C. Adamo
     Chem. Phys. Lett. 362 (2002) 72
     Exact exchange based on: M.A. Watson et al.
     J. Chem. Phys. 119(13) (2003) 6475-6481
[66] C. Adamo and V. Barone
     Chem. Phys. Lett. 274 (1997) 242
     Exact exchange based on: M.A. Watson et al.
     J. Chem. Phys. 119(13) (2003) 6475-6481
     VWN1/VWN5 see: R.H. Hertwig, W. Koch, Chem. Phys. Lett. 268 (1997) 345-351
[67] C. Adamo and V. Barone
     Chem. Phys. Lett. 274 (1997) 242
     Exact exchange based on: M.A. Watson et al.
     J. Chem. Phys. 119(13) (2003) 6475-6481
     VWN1/VWN5 see: R.H. Hertwig, W. Koch, Chem. Phys. Lett. 268 (1997) 345-351
[68] C. Adamo and V. Barone
     J. Chem. Phys. 108 (1998) 664
     Exact exchange based on: M.A. Watson et al.
     J. Chem. Phys. 119(13) (2003) 6475-6481
[69] B.J. Lynch, P.L. Fast, M. Harris and D.G. Truhlar
     J. Phys. Chem. A, 104 (2000) 4811
     Exact exchange based on: M.A. Watson et al.
     J. Chem. Phys. 119(13) (2003) 6475-6481
[70] A.D. Boese and N.C. Handy
     J. Chem. Phys. 116 (2002) 9559
     Exact exchange based on: M.A. Watson et al.
     J. Chem. Phys. 119(13) (2003) 6475-6481
[71] X. Xu and W.A. Goddard III
     PNAS 101 (2004) 2673
[72] OPBE mixed with 25% exact exchange
     M. Swart, A.W. Ehlers, K. Lammertsma, Mol. Phys. 102 (2004) 2467
     see also:
     N.C. Handy, and A.J. Cohen Mol.Phys.99 (2001) 403
     J.P. Perdew, K. Burke, and M. Ernzerhof, Phys. Rev. Lett. 77 (1996) 3865, 78 (1997) 1396
[73] Y. Zhao, N. E. Schultz and D.G. Truhlar
     J. Chem. Phys. 123 (2005) 161103
[74] Y. Zhao, N. E. Schultz and D.G. Truhlar
     J. Chem. Theory Comput. 2 (2006) 364
[75] Y. Zhao and D.G. Truhlar
     Theor. Chem. Acc. 120 (2008) 215.
     http://dx.doi.org/10.1007/s00214-007-0310-x
[76] Y. Zhao and D.G. Truhlar
     Theor. Chem. Acc. 120 (2008) 215.
     http://dx.doi.org/10.1007/s00214-007-0310-x
[77] S. Grimme
     J. Comput. Chem. 27 (2006) 1787



 =======================================================
 S F O   P O P U L A T I O N S ,   M O   A N A L Y S I S
 =======================================================
  
 A Mulliken population analysis is performed on (input-)selected MOs. All populations refer to SFOs.
 BAS populations may have been printed directly after the SCF part.


                                       === A ===


 SFO contributions (%) per orbital
 (multiplication by the orbital occupation yields the SFO Gross Populations)

 Orb.:       59     60     61     62     63     64     65     66     67     68     69     70     71     72
 occup:     2.00   2.00   2.00   2.00   2.00   2.00   2.00   2.00   2.00   2.00   0.00   0.00   0.00   0.00
 CF+SFO     ----   ----   ----   ----   ----   ----   ----   ----   ----   ----   ----   ----   ----   ----
 ------
      6:    2.30   3.30  13.60  14.93   4.36   3.72   0.01   0.02   0.17  27.41   0.22   0.00   0.25   0.01
      9:    0.34   0.22  -0.00   0.06   0.74   2.04   0.05   0.12   4.02   0.02  13.55   0.03  11.60   0.02
     10:   -0.00  -0.00   0.00   0.00  -0.00  -0.01  -0.00  -0.00  -0.05   0.00  -1.03   0.02  -1.88  -0.00
     12:    0.06   0.00   0.01   0.35   0.11   0.11   0.00   0.02   0.64   0.60   1.96  -0.00   1.73   0.03
     25:    1.75  13.05   1.01   0.00   7.09   2.32   0.01   0.02   0.01   0.27   0.00   0.01   0.01   0.01
     28:    0.02   1.23   1.64   0.05   0.07   0.03  38.03   0.24   0.74  -0.00   0.13   0.60   0.36   0.02
     31:    3.92  23.26   7.11   0.25   3.65   4.28   1.40  -0.00   0.03   0.01   0.01   0.10   0.08   0.25
     44:    1.10   1.24  23.27   0.62   8.61   4.15  12.08   0.11   0.90   0.84   0.32   0.18  -0.00   0.02
     47:    0.11   0.84   1.99   0.05   0.18   0.81   1.34   0.00   0.00   0.08   0.02   0.08   0.02   0.31
     50:    2.18   0.31   7.44   0.00   4.98   5.41  25.13   0.03   0.55   0.10   0.28   1.07   0.33  -0.00
     60:   -0.02  -0.02  -0.00  -0.00  -0.06  -0.00  -0.00  -0.00  -0.00  -0.01  -0.09  -0.38  -0.02  -1.23
     63:    0.66   1.57   0.03   0.12   0.46   0.17   4.25   0.02   0.03   0.02   0.03   0.00   0.00   0.99
     66:    1.18   0.21   2.72   0.01   1.32   1.74   8.31   0.01   0.11   0.03   0.00   0.01   0.01   0.14
     69:    0.95   2.03   0.12   0.02   1.54   0.61   4.62   0.00   0.03   0.10   0.03   0.32   0.23  -0.19
     70:   -0.00  -0.01   0.00  -0.01  -0.02  -0.02  -0.07  -0.00  -0.02  -0.01   0.01  -0.01  -0.13  -2.35
     82:    0.68   1.92   2.88   1.20   0.29  26.22   1.13  10.28   4.91   1.17   0.31   0.28   1.30   0.00
     85:   15.96   1.11  -0.00   4.72   0.58   1.01   0.13  16.84   0.01   0.07   0.01   0.00   0.06   0.01
     88:    0.56   2.18   3.12   1.80   0.14  15.72   0.12  22.06   3.35   0.08   0.06  -0.00   0.10   0.00
    101:    0.49   8.74   5.01  43.01   5.83   0.26   0.00   2.66   0.87   2.02   0.02   0.00   0.02  -0.01
    104:   26.50   4.75   2.02   0.01   0.01  -0.00   0.06  29.07   1.57   0.41   0.05   0.29   0.68   0.02
    107:    0.22   1.40   0.01   4.88   0.82   1.49   0.01   3.03   0.03   1.57   0.01   0.01   0.02   0.01
    120:    2.87   2.43   2.00   1.91   0.49   0.46   0.00   2.29   0.66   1.00   0.15   0.07   0.73   0.03
    123:   15.13   5.68   0.25   0.04   0.12   2.91   0.18   5.50   0.23   0.11  -0.00   0.00   0.00   0.03
    126:    0.11   1.80   1.61   0.02   0.30   0.45   0.02   1.35   0.07   0.91   0.01  -0.01   0.01   0.00
    139:    0.73   0.79   0.73   0.03   2.87   0.01   0.00   0.12   0.07   6.68   0.60   0.61   0.02   0.05
    142:    2.80   0.09   2.63   0.01   1.60   0.03   0.05   0.20   3.81   2.65   9.96  11.84   0.14   0.13
    143:   -0.00   0.00  -0.01  -0.00  -0.01   0.00  -0.00   0.00  -0.04  -0.01  -0.72  -1.83  -0.02  -0.02
    145:    3.40   5.68   0.97   3.20  22.54   0.19   0.00   0.09   2.01  13.68   2.47   2.58   0.01   0.07
    154:    0.04   0.03   0.01   0.60   1.11   0.11   0.01   0.00  -0.00   0.76   0.00   0.00  -0.00  -0.03
    158:    0.14   0.08   0.12   0.02   0.21   0.03   0.00   0.00   0.06   4.69   0.20   0.01   0.47  -0.05
    159:    0.02   0.09   0.01  -0.01  -0.03  -0.02  -0.00  -0.01   0.01   1.54   0.00   0.02  -0.03  -0.32
    161:    0.02   0.05   0.00   0.15   0.04   0.01   0.00  -0.00  -0.01  -0.00   9.05   0.09  21.71   0.01
    162:    0.00   0.00   0.01   0.09  -0.00   0.01   0.00   0.01  -0.02   0.00   0.00  -0.03  -1.82   0.01
    164:    0.09   0.01   0.01   0.24   0.77   0.05   0.00   0.00   0.00   0.60   1.44   0.05   3.35  -0.02
    170:    0.06   0.09   0.43   0.53   0.05   0.11   0.00   0.00   0.00   1.41   0.03   0.11  -0.00   0.01
    177:    0.01  -0.01   0.10   0.64   0.09   0.57   0.01   0.00   0.50   4.01   0.16   0.15   0.01  -0.05
    178:    0.02   0.10   0.04   0.14   0.01   0.20   0.01  -0.00   0.07   0.54   0.00   0.00  -0.00  -1.11
    180:    0.00   0.34   0.62   1.54  -0.01   1.39   0.03   0.18  16.59   0.88  12.45  21.47   1.84   0.39
    181:   -0.00   0.04   0.05   0.11   0.00  -0.01   0.00   0.01   0.39   0.20  -0.15  -2.72  -0.52  -0.08
    183:    0.00   0.02   0.01   0.05   1.10   1.09   0.03   0.04   3.32   0.08   2.43   3.66   0.37   0.31
    196:    0.44   2.10   0.83   0.04   3.84   0.64   0.02   0.01   0.01   0.53   0.04  -0.03   0.04   0.39
    199:    0.01   1.29   0.49   0.89   1.66   4.05   0.18   0.25   9.97   0.04   8.41  18.10   1.88   0.13
    200:    0.01   0.00   0.06   0.01   0.24   0.12  -0.00   0.00   0.11  -0.00  -0.38  -4.12  -0.48  -0.02
    202:    0.43  -0.01   0.43   1.28   0.55  -0.04   0.00   0.03   1.74   0.17   1.51   3.38   0.49   0.15
    215:    0.03   0.23   0.09   0.00   1.94   0.32   0.02   0.02   0.06   0.12   0.12   0.08   0.39  -0.12
    218:    0.28   0.20   2.92   0.08   0.40   0.62   0.18   0.00  10.46   0.59  10.15   5.06  25.78   0.21
    219:   -0.00   0.03   0.28  -0.01   0.00   0.06   0.04   0.00   0.21   0.01  -0.23  -1.23  -2.70  -0.07
    221:   -0.00   0.11   0.13  -0.01   0.69   0.34   0.06  -0.01   2.41   0.10   2.28   0.48   6.06  -0.05
    222:    0.02   0.06   0.17   0.06   0.20   0.04   0.00  -0.02   0.11   0.00  -0.12   0.06  -0.75  -1.46
    230:    0.82   0.95   0.09   0.75   0.85   1.10   0.01   0.00   0.00   0.49  -0.00   0.00   0.00  -0.08
    234:    0.98   0.18   0.08   2.13   3.06   3.87   0.20   0.00   0.53   0.40   0.10   0.03   0.23  -0.27
    237:    0.35  -0.01   2.34   0.82   2.33   0.01   0.13   0.06  21.79  -0.00   7.99   0.85  17.99   0.08
    238:    0.03   0.01   0.00   0.07   0.06   0.04   0.00   0.03   0.33   0.14  -0.37  -0.06  -3.96  -0.01
    240:    0.03   0.17   1.70   1.44   0.10   1.05   0.00   0.06   3.28   5.95   1.65   0.24   4.28   0.00
    241:   -0.01  -0.02   0.01   0.50   0.06   0.09   0.00   0.08   0.04   1.04  -0.08  -0.06  -1.05   0.11
    249:    0.03   0.03   0.39   1.09   0.07   0.35   0.00   0.01   0.02   0.83  -0.00  -0.00   0.00  -0.01
    253:    0.16   0.03   0.50   0.72   0.03   0.29   0.00   0.01   0.01   2.38   0.35   1.07   0.01   0.00
    256:    0.09   0.03   0.01   0.28   0.01  -0.00   0.00   0.04   0.03   0.33   7.98  22.33   0.62   0.40
    257:    0.00  -0.01   0.02   0.06   0.03   0.01  -0.00   0.01  -0.03   0.08   0.01  -2.06   0.06  -0.05
    259:   -0.00   0.22   0.03   0.04  -0.00   0.03   0.00   0.00   0.09   3.00   1.69   5.25   0.10   0.07
    270:    0.01   0.04   0.02  -0.00   0.09  -0.00  -0.00  -0.00   0.01  -0.02   0.01   0.01   0.02  -3.36
    280:    0.02  -0.03   0.13   0.03   0.17   0.00   0.16  -0.00   0.01   0.06   0.36   2.28   1.03  -0.19
    285:    0.20   0.28  -0.01   0.01   0.03  -0.00   0.09  -0.00   0.02   0.01   0.06   0.51   0.51  -1.52
    286:   -0.00   0.02  -0.00   0.00   0.06  -0.02   0.01  -0.00  -0.00   0.09  -0.01  -0.06  -0.12  -5.03
    289:    0.32   1.36   0.33   0.00   0.43   0.36   0.45   0.00   0.03   0.02   0.07   0.52   0.23   0.01
    290:    0.40   2.42   0.38   0.00   1.11   0.06   1.05   0.01   0.03   0.02   0.06   0.27   0.08   0.01
    291:    0.12   0.00   1.28   0.16   1.18   0.10   0.02   0.00   0.04   0.16   0.11   0.65   0.21   0.00
    293:    0.31   0.01   1.21   0.00   0.29   0.27   0.00   0.00  -0.00   0.01   0.04   0.36   0.20   0.15
    307:    0.43   0.37   0.02  -0.02   0.05   0.30   0.01   0.03  -0.05   0.06   0.00   0.74   2.11   0.07
    316:    1.21   0.12   0.86   0.97   0.08   0.87   0.00   1.58   0.08   0.04   0.01   0.00   0.18   0.00
    317:    0.00   0.02   0.35   0.03   0.01   1.71   0.07   0.58   0.18   0.24   0.02   0.00   0.06   0.00
    318:    1.78   1.50   0.04   0.03   0.20   1.79   0.03   0.14  -0.00   0.04   0.12   0.25   1.16   0.02
    319:    0.78   0.45   0.01   4.88   0.94   0.47   0.01   0.21   0.03   0.67   0.02   0.01   0.15   0.01
    320:    2.58   0.02   0.27  -0.00   0.10   0.53   0.03   1.34   0.01   0.06   0.01   0.00   0.01   0.00
    321:    0.00   0.09   0.14   0.02  -0.01  -0.00  -0.01   0.01   0.05   1.17   0.00  -0.00   0.00   3.00
    322:    0.00  -0.02  -0.10  -0.00  -0.01   0.00  -0.01   0.00  -0.00   0.03   0.00   0.01  -0.01   4.05
    327:    0.01  -0.03  -0.01   0.02   0.09   0.01   0.00   0.00   0.01   0.03   0.25   2.27  -0.04  47.97
    328:   -0.01  -0.02  -0.00   0.01  -0.05   0.00  -0.00   0.00   0.01  -0.01   0.00   0.20   0.14  44.24
    330:    0.00   0.00   0.00   0.00   0.00   0.00   0.08   0.00   0.00   0.00   0.00   0.07  -0.00   1.66
    332:    0.01   0.02   0.00   0.00   0.01   0.01   0.08   0.00   0.00   0.00   0.01   0.23   0.05   1.25
    333:   -0.01   0.00   0.25   0.16   0.88   0.25  -0.02   0.00   0.01   0.42   0.00  -0.07  -0.00   5.49
    334:   -0.04   0.00  -0.08  -0.02   0.03   0.03  -0.02   0.00  -0.00   0.10   0.00  -0.05   0.00   7.34


 Summation over all MOs, multiplied by occupation: Total SFO Gross Populations in this Irrep
 ===========================================================================================

     2.00    1.84   -0.00    0.00   -0.00    1.87   -0.01    0.00    1.28   -0.01   -0.00    1.38
     0.01   -0.00    0.02    0.00    0.00    0.01    0.02    2.00    1.87   -0.00    0.00   -0.00
     1.47   -0.00   -0.00    1.71   -0.01    0.00    1.57   -0.00   -0.00    0.01    0.01    0.01
     0.01    0.01    2.00    1.88   -0.01    0.00    0.00    1.71   -0.01    0.00    1.36    0.00
    -0.00    1.67   -0.01    0.00    0.01    0.01    0.02    0.00    0.02    2.00    1.78   -0.01
     0.00    0.00    1.65   -0.01    0.00    1.69   -0.01    0.00    1.45   -0.01   -0.00    0.01
     0.01    0.01    0.01    0.01    2.00    1.87   -0.01    0.00    0.00    1.60   -0.01    0.00
     1.50   -0.00   -0.00    1.64   -0.00    0.00    0.01    0.01    0.01    0.01    0.01    2.00
     1.87   -0.00    0.00   -0.00    1.69   -0.01    0.00    1.71   -0.01    0.00    1.36    0.00
    -0.00    0.02    0.00    0.00    0.02    0.02    2.00    1.80   -0.01    0.00    0.00    1.68
    -0.01    0.00    1.51   -0.00    0.00    1.58   -0.01    0.00    0.02    0.01    0.01    0.01
     0.01    2.00    1.84   -0.00    0.00   -0.00    1.49    0.00   -0.00    1.38   -0.00   -0.00
     1.72   -0.01    0.00    0.01    0.01    0.02    0.02    0.00    2.00    1.02    0.02    0.00
    -0.00    0.76    0.09   -0.01    0.72    0.03   -0.00    0.67    0.14   -0.01    0.03    0.01
     0.02    0.06    0.02    2.00    1.10   -0.02    0.00   -0.00    0.88    0.07   -0.01    0.85
     0.01   -0.00    0.81    0.11   -0.01    0.01    0.01    0.01    0.02    0.01    2.00    1.18
    -0.01    0.00   -0.00    0.83    0.09   -0.01    1.03    0.01   -0.00    0.90    0.09   -0.01
     0.02    0.01    0.01    0.02    0.01    2.00    1.06   -0.01    0.00   -0.00    0.73    0.17
    -0.01    0.83   -0.00   -0.00    0.85    0.06   -0.01    0.01    0.01    0.01    0.02    0.01
     2.00    1.21   -0.01    0.00   -0.00    0.83    0.10   -0.01    1.07    0.02   -0.00    0.92
     0.06   -0.00    0.01    0.01    0.01    0.02    0.01    2.00    1.00    0.02    0.00   -0.00
     0.70    0.13   -0.01    0.70    0.03   -0.00    0.70    0.09   -0.01    0.03    0.03    0.02
     0.04    0.02    2.00    1.98    1.00    0.04   -0.01   -0.00   -0.00    2.00    0.82    0.08
    -0.01   -0.00    2.00    0.68    0.09   -0.00   -0.00    2.00    0.70    0.09   -0.01   -0.00
     0.16    0.20    0.20    0.15    0.22    2.00    1.98    0.97    0.05   -0.01   -0.00   -0.00
     2.00    0.79    0.08   -0.01   -0.00    2.00    0.69    0.07   -0.01   -0.00    2.00    0.71
     0.11   -0.00   -0.00    0.20    0.17    0.17    0.22    0.19    0.94    0.05    0.00    0.03
     0.01    0.02    0.50    0.08    0.02    0.04    0.04    0.03    0.93    0.05   -0.00    0.02
     0.02    0.03    0.47    0.08    0.01    0.04    0.03    0.04



 List of selected MOs, ordered by energy, with the most significant SFO gross populations
 ========================================================================================

 Each percentage contribution in the table below corres ponds to the indicated SFO.
 In general, a SFO may be a linear combination of several Fragment Orbitals on the same,
 or on symmetry-related Fragments. Only the first 'member' of such a combination is
 specified here. A full definition of all SFOs is given in an earlier part of the output.
 The numbering of the SFOs in this table does NOT include the Core Orbitals, and starts
 from one for each symmetry representation, as in the SFO definition list earlier.

       E(eV)  Occ       MO           %     SFO (first member)   E(eV)  Occ   Fragment
 -------------------------------------------------------------------------------------

     -28.445  2.00    33 A         26.55%     2 S             -17.581  2.00    11 C
                                   20.09%     2 S             -17.581  2.00    12 C
                                   14.27%     2 S             -17.581  2.00    13 C
                                   12.70%     2 S             -17.581  2.00    10 C
                                    3.03%     1 P:z            -4.724  0.67     9 C
                                    2.60%     2 P:x            -8.010  1.33    15 S
                                    2.50%     2 S             -17.581  2.00     9 C
                                    2.48%     1 P:x            -4.724  0.67    13 C
                                    2.42%     2 S             -17.581  2.00    14 C
                                    2.22%     1 S              -6.547  1.00    19 H
                                    2.20%     1 P:z            -4.724  0.67    12 C
                                    2.13%     1 P:z            -4.724  0.67    10 C
                                    1.94%     1 P:x            -4.724  0.67    14 C
                                    1.36%     1 P:x            -4.724  0.67    11 C
                                    1.31%     1 P:z            -4.724  0.67    14 C
                                   -1.15%     3 S              11.786  0.00    12 C
                                    1.01%     2 S             -29.866  2.00     8 O
                                    1.01%     1 S              -6.547  1.00    17 H
     -25.929  2.00    34 A         27.03%     2 S             -17.581  2.00    13 C
                                   14.35%     2 S             -17.581  2.00    10 C
                                   11.30%     2 S             -17.581  2.00    11 C
                                    6.81%     1 P:x            -4.724  0.67    12 C
                                    5.60%     2 S             -17.581  2.00    12 C
                                    3.51%     2 P:x            -8.010  1.33    16 S
                                    3.42%     1 S              -6.547  1.00    17 H
                                    2.69%     2 S             -17.581  2.00    14 C
                                    2.65%     1 P:x            -4.724  0.67    11 C
                                    2.45%     2 P:x            -8.010  1.33    15 S
                                    2.39%     1 P:z            -4.724  0.67    14 C
                                    1.98%     1 P:z            -4.724  0.67    11 C
                                    1.82%     3 S             -21.008  2.00    16 S
                                    1.63%     2 P:z            -8.010  1.33    16 S
                                    1.31%     3 S             -21.008  2.00    15 S
                                    1.24%     2 S             -29.866  2.00     8 O
                                   -1.20%     2 P:x             6.178  0.00    12 C
                                    1.12%     1 P:x            -4.724  0.67     9 C
                                    1.11%     2 S             -29.866  2.00     6 O
                                    1.08%     1 S              -6.547  1.00    19 H
     -24.356  2.00    35 A         12.51%     2 S             -17.581  2.00     9 C
                                   11.50%     2 S             -17.581  2.00    10 C
                                    7.91%     2 S             -17.581  2.00    12 C
                                    7.30%     1 P:z            -4.724  0.67    11 C
                                    6.24%     2 S             -17.581  2.00    14 C
                                    5.67%     1 P:z            -4.724  0.67     9 C
                                    4.79%     2 S             -17.581  2.00    11 C
                                    4.68%     2 P:x            -8.010  1.33    15 S
                                    4.39%     3 S             -21.008  2.00    15 S
                                    3.80%     1 P:x            -4.724  0.67    14 C
                                    3.59%     2 S             -29.866  2.00     1 O
                                    3.34%     1 S              -6.547  1.00    19 H
                                    2.25%     1 P:z           -10.744  1.33     4 O
                                    2.23%     1 P:z            -4.724  0.67    13 C
                                    2.17%     1 P:x            -4.724  0.67    10 C
                                    2.14%     1 S              -6.547  1.00    17 H
                                    1.99%     2 S             -29.866  2.00     3 O
                                    1.60%     2 S             -29.866  2.00     8 O
                                    1.42%     1 P:x           -10.744  1.33     4 O
                                    1.36%     1 P:x            -4.724  0.67    12 C
                                   -1.35%     2 P:z             6.178  0.00    11 C
                                    1.30%     1 P:y            -4.724  0.67    11 C
                                    1.16%     2 S             -29.866  2.00     2 O
                                    1.15%     2 P:y            -8.010  1.33    15 S
                                    1.06%     1 P:y            -4.724  0.67     9 C
     -22.584  2.00    36 A         11.76%     2 S             -17.581  2.00    12 C
                                    7.64%     3 S             -21.008  2.00    15 S
                                    7.34%     1 P:z           -10.744  1.33     4 O
                                    6.78%     1 P:x            -4.724  0.67    11 C
                                    6.73%     1 P:x            -4.724  0.67    13 C
                                    6.31%     3 S             -21.008  2.00    16 S
                                    3.38%     2 S             -29.866  2.00     2 O
                                    2.91%     1 S              -6.547  1.00    19 H
                                    2.75%     1 P:x           -10.744  1.33     7 O
                                    2.57%     2 S             -29.866  2.00     3 O
                                    2.50%     2 P:x            -8.010  1.33    15 S
                                    2.48%     2 S             -29.866  2.00     5 O
                                    2.37%     1 S              -6.547  1.00    18 H
                                    2.30%     2 S             -17.581  2.00    13 C
                                    2.24%     2 S             -29.866  2.00     6 O
                                    2.20%     2 P:y            -8.010  1.33    15 S
                                    1.98%     2 P:y            -8.010  1.33    16 S
                                    1.85%     1 P:x           -10.744  1.33     4 O
                                    1.82%     1 P:y           -10.744  1.33     7 O
                                    1.75%     2 P:z            -8.010  1.33    16 S
                                    1.72%     2 S             -17.581  2.00    14 C
                                    1.32%     2 P:x            -8.010  1.33    16 S
                                    1.31%     2 S             -29.866  2.00     7 O
                                    1.14%     1 P:z            -4.724  0.67    14 C
                                    1.12%     2 S             -29.866  2.00     8 O
     -22.141  2.00    37 A         11.01%     2 S             -17.581  2.00    14 C
                                    6.77%     3 S             -21.008  2.00    16 S
                                    5.94%     2 S             -17.581  2.00    10 C
                                    5.84%     1 P:x            -4.724  0.67    14 C
                                    5.53%     1 P:z            -4.724  0.67    13 C
                                    4.21%     1 P:x            -4.724  0.67     9 C
                                    4.04%     1 P:z           -10.744  1.33     4 O
                                    3.90%     2 S             -17.581  2.00     9 C
                                    3.29%     2 S             -29.866  2.00     6 O
                                    3.27%     1 P:z            -4.724  0.67    11 C
                                    2.81%     1 S              -6.547  1.00    17 H
                                    2.69%     2 S             -29.866  2.00     8 O
                                    2.68%     1 P:x           -10.744  1.33     7 O
                                    2.61%     3 S             -21.008  2.00    15 S
                                    2.48%     2 S             -29.866  2.00     5 O
                                    2.01%     1 P:y           -10.744  1.33     7 O
                                    1.89%     1 P:z            -4.724  0.67     9 C
                                    1.77%     2 P:x            -8.010  1.33    16 S
                                    1.52%     2 P:y            -8.010  1.33    16 S
                                    1.51%     1 P:x            -4.724  0.67    13 C
                                    1.43%     1 P:x           -10.744  1.33     8 O
                                    1.24%     2 S             -29.866  2.00     7 O
                                    1.22%     1 S              -6.547  1.00    18 H
                                    1.22%     1 P:x           -10.744  1.33     4 O
                                    1.17%     2 S             -29.866  2.00     3 O
                                    1.16%     2 P:z            -8.010  1.33    16 S
                                    1.10%     1 P:x            -4.724  0.67    10 C
     -20.561  2.00    38 A         10.62%     1 P:z           -10.744  1.33     7 O
                                   10.58%     1 P:y           -10.744  1.33     7 O
                                    5.58%     1 S              -6.547  1.00    20 H
                                    5.20%     1 P:x           -10.744  1.33     7 O
                                    4.74%     2 S             -17.581  2.00    13 C
                                    4.65%     1 P:x            -4.724  0.67    12 C
                                    4.01%     2 P:x            -8.010  1.33    16 S
                                    3.62%     1 P:z            -4.724  0.67    14 C
                                    3.51%     2 P:y            -8.010  1.33    16 S
                                    3.30%     1 P:x            -4.724  0.67     9 C
                                    2.64%     2 S             -29.866  2.00     6 O
                                    2.64%     2 S             -17.581  2.00    10 C
                                    2.62%     3 S             -21.008  2.00    16 S
                                    2.45%     1 S              -6.547  1.00    17 H
                                    1.96%     1 P:x           -10.744  1.33     8 O
                                    1.65%     2 S             -17.581  2.00     9 C
                                    1.64%     1 P:z            -4.724  0.67    11 C
                                    1.53%     1 P:x            -4.724  0.67    14 C
                                    1.34%     1 P:z           -10.744  1.33     4 O
                                    1.31%     1 P:x           -10.744  1.33     6 O
                                    1.26%     1 P:x            -4.724  0.67    11 C
                                    1.24%     1 P:x            -4.724  0.67    10 C
                                    1.20%     1 P:z           -10.744  1.33     8 O
                                    1.18%     2 S             -17.581  2.00    11 C
                                    1.10%     1 P:x           -10.744  1.33     1 O
                                    1.08%     4 S               6.901  0.00    16 S
     -20.324  2.00    39 A          8.43%     1 P:z           -10.744  1.33     4 O
                                    7.06%     1 P:z            -4.724  0.67    10 C
                                    6.48%     1 P:z            -4.724  0.67    13 C
                                    6.08%     2 S             -17.581  2.00    11 C
                                    5.50%     2 S             -17.581  2.00     9 C
                                    5.25%     2 P:z            -8.010  1.33    15 S
                                    3.61%     2 S             -17.581  2.00    14 C
                                    3.10%     2 S             -17.581  2.00    12 C
                                    3.06%     2 S             -29.866  2.00     1 O
                                    2.80%     1 S              -6.547  1.00    19 H
                                    2.58%     1 P:x            -4.724  0.67     9 C
                                    2.46%     1 P:z            -4.724  0.67    12 C
                                    2.45%     1 P:y           -10.744  1.33     4 O
                                    2.43%     1 P:x            -4.724  0.67    10 C
                                    2.26%     1 S              -6.547  1.00    18 H
                                    2.19%     1 P:y            -4.724  0.67    10 C
                                    1.99%     1 P:z            -4.724  0.67    14 C
                                    1.96%     2 S             -29.866  2.00     8 O
                                    1.89%     1 P:z           -10.744  1.33     1 O
                                    1.65%     1 P:y            -4.724  0.67    13 C
                                    1.58%     1 P:x           -10.744  1.33     4 O
                                    1.57%     2 S             -17.581  2.00    10 C
                                    1.37%     1 P:x            -4.724  0.67    13 C
                                    1.32%     1 P:z           -10.744  1.33     8 O
                                    1.11%     1 P:x           -10.744  1.33     1 O
     -18.889  2.00    40 A          6.49%     1 P:z           -10.744  1.33     4 O
                                    6.13%     2 P:x            -8.010  1.33    16 S
                                    5.48%     2 P:z            -8.010  1.33    15 S
                                    4.32%     1 P:z            -4.724  0.67    12 C
                                    4.29%     1 P:z           -10.744  1.33     1 O
                                    4.16%     1 P:z            -4.724  0.67    14 C
                                    4.14%     1 P:z           -10.744  1.33     7 O
                                    4.01%     2 S             -17.581  2.00     9 C
                                    4.00%     1 P:x            -4.724  0.67    11 C
                                    3.56%     2 P:x            -8.010  1.33    15 S
                                    3.40%     2 S             -29.866  2.00     1 O
                                    3.31%     1 P:z            -4.724  0.67    13 C
                                    2.68%     1 S              -6.547  1.00    19 H
                                    2.26%     1 P:y           -10.744  1.33     7 O
                                    1.94%     1 P:x            -4.724  0.67    13 C
                                    1.90%     1 P:y           -10.744  1.33     4 O
                                    1.80%     1 P:x           -10.744  1.33     5 O
                                    1.77%     1 P:y            -4.724  0.67    11 C
                                    1.75%     1 P:y            -4.724  0.67    12 C
                                    1.69%     1 P:x           -10.744  1.33     6 O
                                    1.61%     1 P:z           -10.744  1.33     3 O
                                    1.48%     1 P:x            -4.724  0.67     9 C
                                    1.31%     2 P:y            -8.010  1.33    16 S
                                    1.25%     1 P:y            -4.724  0.67    13 C
                                    1.20%     3 P:z             4.822  0.00    15 S
                                    1.18%     2 P:z            -8.010  1.33    16 S
                                    1.10%     1 P:z           -10.744  1.33     2 O
                                    1.03%     1 P:x           -10.744  1.33     3 O
     -18.222  2.00    41 A          9.55%     1 P:x           -10.744  1.33     4 O
                                    8.65%     2 S             -29.866  2.00     2 O
                                    5.69%     1 P:x            -4.724  0.67    12 C
                                    5.42%     1 P:x           -10.744  1.33     2 O
                                    5.36%     1 P:z            -4.724  0.67    11 C
                                    4.69%     1 P:x            -4.724  0.67    13 C
                                    4.66%     1 P:y           -10.744  1.33     3 O
                                    4.66%     2 S             -29.866  2.00     3 O
                                    4.08%     1 P:z           -10.744  1.33     2 O
                                    3.32%     3 S             -21.008  2.00    15 S
                                    3.22%     2 P:x            -8.010  1.33    15 S
                                    2.74%     1 P:z           -10.744  1.33     8 O
                                    2.73%     1 P:x            -4.724  0.67     9 C
                                    2.36%     1 P:y           -10.744  1.33     2 O
                                    2.24%     1 P:x           -10.744  1.33     3 O
                                    2.23%     1 P:z           -10.744  1.33     7 O
                                    2.01%     4 S               6.901  0.00    15 S
                                    1.86%     1 P:z           -10.744  1.33     3 O
                                    1.71%     1 P:z            -4.724  0.67    13 C
                                    1.42%     2 P:x             6.178  0.00    12 C
                                    1.33%     1 S              -6.547  1.00    18 H
                                    1.27%     1 P:x           -10.744  1.33     1 O
                                    1.18%     2 S             -29.866  2.00     4 O
                                    1.11%     1 P:z           -10.744  1.33     4 O
                                    1.11%     2 P:y            -8.010  1.33    15 S
                                    1.01%     1 P:x            -4.724  0.67    11 C
     -18.105  2.00    42 A          8.86%     1 P:z            -4.724  0.67    10 C
                                    7.88%     1 P:x            -4.724  0.67     9 C
                                    6.22%     1 P:x           -10.744  1.33     1 O
                                    4.47%     1 P:z           -10.744  1.33     4 O
                                    4.08%     1 P:z            -4.724  0.67    14 C
                                    3.52%     1 P:z            -4.724  0.67    11 C
                                    3.15%     1 P:z           -10.744  1.33     8 O
                                    2.67%     1 P:y            -4.724  0.67    11 C
                                    2.66%     2 P:x            -8.010  1.33    16 S
                                    2.49%     1 S              -6.547  1.00    17 H
                                    2.31%     1 P:z           -10.744  1.33     3 O
                                    2.29%     2 S             -29.866  2.00     3 O
                                    2.28%     1 P:z           -10.744  1.33     7 O
                                    2.11%     1 P:z           -10.744  1.33     6 O
                                    2.10%     2 P:z            -8.010  1.33    15 S
                                    2.03%     1 P:x           -10.744  1.33     5 O
                                    1.81%     1 P:y           -10.744  1.33     3 O
                                    1.79%     1 P:z            -4.724  0.67    13 C
                                    1.72%     2 P:z             6.178  0.00    10 C
                                    1.52%     2 P:y            -8.010  1.33    16 S
                                    1.50%     2 P:y            -8.010  1.33    15 S
                                    1.45%     1 P:x           -10.744  1.33     2 O
                                    1.41%     2 S             -29.866  2.00     5 O
                                    1.36%     3 S             -21.008  2.00    16 S
                                    1.18%     2 P:x            -8.010  1.33    15 S
                                    1.13%     3 S             -21.008  2.00    15 S
                                    1.10%     2 P:z             6.178  0.00    11 C
                                    1.06%     2 S             -29.866  2.00     6 O
                                    1.05%     2 S             -17.581  2.00    11 C
     -17.877  2.00    43 A          9.21%     1 P:x            -4.724  0.67    10 C
                                    6.17%     1 P:z           -10.744  1.33     7 O
                                    5.81%     1 S              -6.547  1.00    17 H
                                    5.50%     1 P:x            -4.724  0.67    11 C
                                    5.16%     1 P:x            -4.724  0.67    12 C
                                    4.78%     1 P:x           -10.744  1.33     8 O
                                    3.86%     1 P:y           -10.744  1.33     3 O
                                    3.77%     1 P:x           -10.744  1.33     4 O
                                    3.23%     1 P:z           -10.744  1.33     2 O
                                    3.04%     2 S             -29.866  2.00     3 O
                                    2.51%     2 S             -29.866  2.00     5 O
                                    2.36%     2 P:x             6.178  0.00    12 C
                                    2.06%     1 P:z            -4.724  0.67    12 C
                                    1.96%     1 P:x            -4.724  0.67    13 C
                                    1.76%     2 P:x            -8.010  1.33    15 S
                                    1.69%     1 P:y           -10.744  1.33     2 O
                                    1.64%     2 P:y            -8.010  1.33    15 S
                                    1.60%     1 P:x           -10.744  1.33     5 O
                                    1.56%     1 P:y           -10.744  1.33     5 O
                                    1.45%     2 P:z            -8.010  1.33    16 S
                                    1.42%     1 P:x            -4.724  0.67     9 C
                                    1.40%     1 P:y           -10.744  1.33     4 O
                                    1.38%     3 S             -21.008  2.00    16 S
                                    1.24%     1 P:z            -4.724  0.67    13 C
                                    1.22%     2 S             -17.581  2.00    11 C
                                    1.19%     1 S              -6.547  1.00    19 H
                                    1.11%     1 S              -6.547  1.00    20 H
     -17.157  2.00    44 A         21.36%     1 P:x           -10.744  1.33     8 O
                                    9.47%     2 S             -29.866  2.00     8 O
                                    5.19%     1 S              -6.547  1.00    19 H
                                    4.66%     1 P:y           -10.744  1.33     4 O
                                    4.18%     1 P:z            -4.724  0.67    12 C
                                    3.90%     2 P:z            -8.010  1.33    15 S
                                    3.86%     1 P:y           -10.744  1.33     8 O
                                    3.32%     1 P:x           -10.744  1.33     4 O
                                    3.07%     2 P:x            -8.010  1.33    15 S
                                    2.56%     1 P:z           -10.744  1.33     8 O
                                    2.24%     1 P:x            -4.724  0.67    14 C
                                    2.03%     1 P:x            -4.724  0.67    12 C
                                    1.87%     1 P:x            -4.724  0.67    13 C
                                    1.78%     1 P:z           -10.744  1.33     2 O
                                    1.70%     1 P:y           -10.744  1.33     3 O
                                    1.53%     2 P:x             6.178  0.00    14 C
                                    1.39%     1 P:y            -4.724  0.67    12 C
                                    1.39%     1 S              -6.547  1.00    17 H
                                    1.36%     1 P:x            -4.724  0.67    10 C
                                    1.32%     1 P:z           -10.744  1.33     1 O
                                    1.22%     2 S             -17.581  2.00    14 C
                                    1.21%     2 S             -17.581  2.00    10 C
                                    1.20%     2 S             -29.866  2.00     4 O
                                    1.20%     2 S             -17.581  2.00    13 C
                                    1.15%     1 P:x           -10.744  1.33     3 O
                                    1.04%     3 S              11.786  0.00    14 C
                                    1.02%     1 P:z           -10.744  1.33     3 O
                                    1.00%     2 S             -17.581  2.00    12 C
     -16.925  2.00    45 A         13.78%     1 P:z           -10.744  1.33     5 O
                                    9.15%     2 S             -29.866  2.00     5 O
                                    8.86%     1 P:x           -10.744  1.33     7 O
                                    7.48%     2 P:y            -8.010  1.33    16 S
                                    6.86%     1 P:x           -10.744  1.33     6 O
                                    6.33%     2 P:x            -8.010  1.33    16 S
                                    6.00%     1 P:y           -10.744  1.33     5 O
                                    5.62%     1 P:z           -10.744  1.33     6 O
                                    3.58%     2 S             -29.866  2.00     6 O
                                    3.16%     1 P:y           -10.744  1.33     6 O
                                    2.42%     2 P:z            -8.010  1.33    16 S
                                    2.41%     1 S              -6.547  1.00    17 H
                                    1.93%     4 S               6.901  0.00    16 S
                                    1.85%     1 P:x            -4.724  0.67    13 C
                                    1.73%     1 P:z            -4.724  0.67    10 C
                                    1.56%     1 P:z           -10.744  1.33     1 O
                                    1.36%     1 P:x           -10.744  1.33     5 O
                                    1.29%     3 P:y             4.822  0.00    16 S
                                    1.27%     1 P:x            -4.724  0.67    10 C
     -16.408  2.00    46 A         15.12%     1 P:y           -10.744  1.33     3 O
                                    8.38%     1 P:x           -10.744  1.33     2 O
                                    7.58%     1 P:z           -10.744  1.33     2 O
                                    6.12%     1 P:z           -10.744  1.33     1 O
                                    6.00%     2 S             -29.866  2.00     3 O
                                    5.69%     2 S             -29.866  2.00     2 O
                                    4.92%     2 P:y            -8.010  1.33    15 S
                                    4.84%     1 P:x           -10.744  1.33     4 O
                                    4.17%     1 P:y           -10.744  1.33     4 O
                                    2.98%     2 P:x            -8.010  1.33    15 S
                                    2.89%     1 P:z           -10.744  1.33     4 O
                                    2.29%     1 P:y           -10.744  1.33     7 O
                                    2.19%     1 P:y           -10.744  1.33     5 O
                                    2.00%     1 P:z           -10.744  1.33     6 O
                                    2.00%     1 P:z           -10.744  1.33     7 O
                                    1.91%     2 S             -29.866  2.00     1 O
                                    1.76%     3 P:y             4.822  0.00    15 S
                                    1.58%     2 P:z            -8.010  1.33    15 S
                                    1.27%     2 P:x            -8.010  1.33    16 S
                                    1.09%     3 P:z             4.822  0.00    15 S
                                    1.02%     3 P:x             4.822  0.00    15 S
                                    1.01%     1 P:z           -10.744  1.33     8 O
     -16.298  2.00    47 A         13.36%     1 P:z           -10.744  1.33     6 O
                                   12.02%     1 P:y           -10.744  1.33     7 O
                                    8.68%     1 P:y           -10.744  1.33     5 O
                                    7.64%     1 P:z           -10.744  1.33     7 O
                                    5.99%     2 S             -29.866  2.00     6 O
                                    4.52%     2 P:z            -8.010  1.33    16 S
                                    3.63%     2 P:x            -8.010  1.33    16 S
                                    2.95%     1 P:x           -10.744  1.33     8 O
                                    2.93%     2 S             -29.866  2.00     7 O
                                    2.72%     1 P:x           -10.744  1.33     1 O
                                    1.87%     1 P:y           -10.744  1.33     4 O
                                    1.83%     1 P:x            -4.724  0.67     9 C
                                    1.83%     1 P:y           -10.744  1.33     3 O
                                    1.66%     1 P:z           -10.744  1.33     8 O
                                    1.65%     1 P:x            -4.724  0.67    10 C
                                    1.57%     3 P:z             4.822  0.00    16 S
                                    1.30%     3 P:x             4.822  0.00    16 S
                                    1.24%     1 S              -6.547  1.00    17 H
                                    1.15%     2 S             -29.866  2.00     5 O
                                    1.13%     1 S              -6.547  1.00    19 H
     -16.152  2.00    48 A         28.88%     1 P:z           -10.744  1.33     1 O
                                    9.22%     2 S             -29.866  2.00     1 O
                                    7.63%     1 P:y           -10.744  1.33     1 O
                                    7.49%     1 P:z            -4.724  0.67     9 C
                                    4.77%     1 P:y           -10.744  1.33     4 O
                                    4.46%     2 P:z             6.178  0.00     9 C
                                    3.63%     1 P:x           -10.744  1.33     2 O
                                    2.74%     1 P:x            -4.724  0.67    10 C
                                    2.56%     1 S              -6.547  1.00    19 H
                                    2.54%     1 P:z            -4.724  0.67    12 C
                                    1.72%     2 S             -29.866  2.00     2 O
                                    1.68%     2 P:z            -8.010  1.33    15 S
                                    1.40%     1 P:y           -10.744  1.33     3 O
                                    1.36%     1 P:x           -10.744  1.33     4 O
                                    1.25%     1 P:z           -10.744  1.33     3 O
                                    1.13%     1 P:y           -10.744  1.33     8 O
                                    1.10%     1 P:z           -10.744  1.33     2 O
                                    1.10%     1 P:x            -4.724  0.67    14 C
     -15.919  2.00    49 A         17.09%     1 P:y            -4.724  0.67     9 C
                                   16.80%     1 P:y            -4.724  0.67    14 C
                                   14.59%     1 P:y           -10.744  1.33     8 O
                                   10.35%     1 P:y           -10.744  1.33     1 O
                                    6.32%     1 P:y            -4.724  0.67    13 C
                                    5.21%     1 P:z           -10.744  1.33     1 O
                                    4.00%     1 P:z           -10.744  1.33     8 O
                                    3.26%     1 P:y            -4.724  0.67    10 C
                                    3.23%     1 P:z            -4.724  0.67    14 C
                                    3.22%     1 P:y            -4.724  0.67    12 C
                                    2.99%     1 P:y            -4.724  0.67    11 C
                                    2.50%     1 P:z           -10.744  1.33     7 O
                                    1.27%     1 P:z            -4.724  0.67    13 C
                                    1.18%     1 P:z            -4.724  0.67     9 C
                                    1.14%     1 P:y           -10.744  1.33     3 O
                                   -1.13%     2 P:y             6.178  0.00    14 C
     -15.806  2.00    50 A         20.61%     1 P:x           -10.744  1.33     4 O
                                    8.31%     1 P:x           -10.744  1.33     8 O
                                    6.98%     1 P:y           -10.744  1.33     2 O
                                    5.52%     1 P:z           -10.744  1.33     3 O
                                    5.17%     1 P:y           -10.744  1.33     4 O
                                    4.04%     2 S             -29.866  2.00     4 O
                                    2.99%     2 P:y            -8.010  1.33    15 S
                                    2.59%     1 P:y           -10.744  1.33     8 O
                                    2.36%     1 P:x            -4.724  0.67    14 C
                                    2.16%     2 S             -29.866  2.00     8 O
                                    2.03%     1 S              -6.547  1.00    18 H
                                    1.97%     1 P:x           -10.744  1.33     3 O
                                    1.88%     1 P:z           -10.744  1.33     6 O
                                    1.55%     2 P:x             6.178  0.00    14 C
                                    1.45%     1 S              -6.547  1.00    17 H
                                    1.37%     1 S              -6.547  1.00    19 H
                                    1.32%     1 P:y           -10.744  1.33     3 O
                                    1.24%     1 P:x            -4.724  0.67    10 C
                                    1.09%     1 P:z            -4.724  0.67    12 C
                                    1.01%     2 S             -29.866  2.00     3 O
     -15.237  2.00    51 A          9.83%     1 P:x           -10.744  1.33     8 O
                                    7.39%     1 P:x           -10.744  1.33     4 O
                                    6.09%     1 P:x           -10.744  1.33     3 O
                                    5.70%     1 P:y           -10.744  1.33     2 O
                                    5.40%     1 S              -6.547  1.00    19 H
                                    4.30%     1 P:x           -10.744  1.33     1 O
                                    3.89%     1 P:x            -4.724  0.67    10 C
                                    3.73%     2 P:x            -8.010  1.33    15 S
                                    3.49%     1 P:z           -10.744  1.33     6 O
                                    3.11%     1 P:z            -4.724  0.67    12 C
                                    2.78%     1 P:x            -4.724  0.67     9 C
                                    2.24%     1 S              -6.547  1.00    17 H
                                    2.17%     1 P:z           -10.744  1.33     1 O
                                    2.04%     1 P:x            -4.724  0.67    12 C
                                    1.76%     1 P:z            -4.724  0.67    13 C
                                    1.42%     1 P:x            -4.724  0.67    13 C
                                    1.20%     1 P:y            -4.724  0.67    14 C
                                    1.19%     1 P:z           -10.744  1.33     2 O
                                    1.15%     2 S             -29.866  2.00     4 O
                                    1.14%     2 S             -29.866  2.00     6 O
                                    1.13%     2 P:x             6.178  0.00    10 C
                                    1.10%     1 P:y            -4.724  0.67    13 C
                                    1.08%     1 P:y           -10.744  1.33     1 O
                                    1.01%     1 P:z            -4.724  0.67    14 C
     -14.893  2.00    52 A         16.84%     1 P:x           -10.744  1.33     5 O
                                   16.35%     1 P:z           -10.744  1.33     7 O
                                   13.13%     1 P:z           -10.744  1.33     6 O
                                    5.82%     1 P:y           -10.744  1.33     7 O
                                    3.56%     2 S             -29.866  2.00     7 O
                                    3.16%     2 S             -29.866  2.00     6 O
                                    3.14%     2 S             -29.866  2.00     5 O
                                    2.61%     2 P:y            -8.010  1.33    16 S
                                    2.39%     1 P:y           -10.744  1.33     6 O
                                    2.32%     1 P:y           -10.744  1.33     1 O
                                    2.09%     1 S              -6.547  1.00    20 H
                                    1.97%     2 P:z            -8.010  1.33    16 S
                                    1.97%     1 P:y            -4.724  0.67     9 C
                                    1.87%     1 P:y           -10.744  1.33     5 O
                                    1.71%     1 P:z           -10.744  1.33     8 O
                                    1.62%     3 P:z             4.822  0.00    16 S
                                    1.37%     1 S              -6.547  1.00    17 H
                                    1.32%     1 P:z           -10.744  1.33     5 O
                                    1.20%     1 P:x            -4.724  0.67    10 C
     -14.790  2.00    53 A         13.69%     1 S              -6.547  1.00    17 H
                                    9.90%     1 S              -6.547  1.00    19 H
                                    9.80%     1 P:z            -4.724  0.67    12 C
                                    8.16%     1 P:z            -4.724  0.67    10 C
                                    6.11%     1 P:x            -4.724  0.67    10 C
                                    5.44%     1 P:z            -4.724  0.67    11 C
                                    4.53%     1 P:z           -10.744  1.33     7 O
                                    4.10%     1 P:z           -10.744  1.33     8 O
                                    2.78%     2 P:z             6.178  0.00    11 C
                                    2.23%     1 P:z           -10.744  1.33     5 O
                                    2.11%     1 P:z            -4.724  0.67    14 C
                                    2.09%     1 P:x            -4.724  0.67    11 C
                                    1.94%     1 P:y            -4.724  0.67    12 C
                                    1.69%     1 P:x            -4.724  0.67    12 C
                                    1.46%     2 P:z             6.178  0.00    10 C
                                    1.25%     2 P:z             6.178  0.00    12 C
                                    1.24%     1 P:y           -10.744  1.33     4 O
                                    1.20%     1 P:x           -10.744  1.33     8 O
                                    1.01%     2 P:x             6.178  0.00    11 C
     -14.215  2.00    54 A         23.37%     1 P:y           -10.744  1.33     1 O
                                   18.12%     1 P:y           -10.744  1.33     8 O
                                   11.20%     1 P:y            -4.724  0.67     9 C
                                    7.48%     1 P:y            -4.724  0.67    14 C
                                    4.53%     1 P:x           -10.744  1.33     7 O
                                    4.21%     1 P:z           -10.744  1.33     8 O
                                    4.03%     1 P:y            -4.724  0.67    10 C
                                    3.53%     1 P:z           -10.744  1.33     1 O
                                    2.67%     1 P:y            -4.724  0.67    13 C
                                    2.54%     1 P:z           -10.744  1.33     5 O
                                    1.77%     1 P:z            -4.724  0.67     9 C
                                    1.30%     1 P:x           -10.744  1.33     8 O
                                    1.22%     1 P:z            -4.724  0.67    14 C
                                    1.16%     1 P:y            -4.724  0.67    11 C
                                    1.14%     1 P:y           -10.744  1.33     7 O
                                    1.09%     1 P:z           -10.744  1.33     6 O
     -14.124  2.00    55 A         25.06%     1 P:y           -10.744  1.33     4 O
                                   15.78%     1 P:z           -10.744  1.33     4 O
                                   13.02%     1 P:x           -10.744  1.33     2 O
                                   12.22%     1 P:z           -10.744  1.33     3 O
                                   11.54%     1 P:x           -10.744  1.33     4 O
                                    4.44%     1 P:y           -10.744  1.33     3 O
                                    3.83%     1 P:y           -10.744  1.33     2 O
                                    3.00%     1 D:z2           14.724  0.00    15 S
                                    1.22%     1 D:x2-y2        14.724  0.00    15 S
                                    1.03%     1 D:xz           14.724  0.00    15 S
     -13.419  2.00    56 A         17.55%     1 P:y            -4.724  0.67    11 C
                                   11.74%     1 P:y            -4.724  0.67    12 C
                                    7.18%     1 P:y           -10.744  1.33     3 O
                                    6.91%     1 P:y           -10.744  1.33     2 O
                                    5.45%     1 P:y            -4.724  0.67    13 C
                                    5.42%     1 P:y            -4.724  0.67    10 C
                                    4.79%     1 P:y           -10.744  1.33     1 O
                                    4.53%     1 P:y           -10.744  1.33     4 O
                                    4.45%     1 P:y           -10.744  1.33     8 O
                                    4.43%     1 P:z            -4.724  0.67    11 C
                                    4.08%     1 P:z           -10.744  1.33     3 O
                                    3.16%     1 D:yz           14.724  0.00    15 S
                                    2.59%     1 P:z           -10.744  1.33     4 O
                                    1.99%     1 P:z            -4.724  0.67    12 C
                                    1.41%     1 P:z           -10.744  1.33     5 O
                                    1.34%     1 P:z            -4.724  0.67    13 C
                                    1.02%     1 P:y            -4.724  0.67     9 C
                                    1.02%     1 P:z           -10.744  1.33     8 O
                                    1.02%     1 P:z           -10.744  1.33     1 O
                                    1.01%     1 P:y           -10.744  1.33     7 O
     -13.291  2.00    57 A         39.33%     1 P:x           -10.744  1.33     7 O
                                   10.19%     1 P:y           -10.744  1.33     6 O
                                    9.69%     1 P:z           -10.744  1.33     7 O
                                    5.45%     1 P:y           -10.744  1.33     5 O
                                    4.98%     1 P:z           -10.744  1.33     5 O
                                    4.10%     1 P:y           -10.744  1.33     8 O
                                    2.94%     1 D:x2-y2        14.724  0.00    16 S
                                    2.49%     1 P:y           -10.744  1.33     1 O
                                    2.03%     1 P:x           -10.744  1.33     3 O
                                    1.90%     1 D:yz           14.724  0.00    16 S
                                    1.41%     1 P:x           -10.744  1.33     2 O
                                    1.19%     1 P:x           -10.744  1.33     6 O
     -13.077  2.00    58 A         12.96%     1 P:x           -10.744  1.33     3 O
                                   11.73%     1 P:y           -10.744  1.33     2 O
                                    9.09%     1 P:y           -10.744  1.33     3 O
                                    7.92%     1 P:z           -10.744  1.33     2 O
                                    5.62%     1 P:y           -10.744  1.33     4 O
                                    5.13%     1 P:x           -10.744  1.33     2 O
                                    4.57%     1 P:z           -10.744  1.33     3 O
                                    4.30%     1 P:x           -10.744  1.33     4 O
                                    3.69%     1 D:xy           14.724  0.00    15 S
                                    2.48%     1 D:yz           14.724  0.00    15 S
                                    2.46%     1 P:x            -4.724  0.67    11 C
                                    2.43%     1 P:z           -10.744  1.33     5 O
                                    2.32%     1 P:y            -4.724  0.67    12 C
                                    1.83%     1 P:z           -10.744  1.33     4 O
                                    1.71%     1 P:y           -10.744  1.33     8 O
                                    1.66%     1 P:x           -10.744  1.33     1 O
                                    1.44%     1 P:y            -4.724  0.67    13 C
                                    1.41%     1 P:y            -4.724  0.67    11 C
                                    1.35%     1 P:z            -4.724  0.67    11 C
                                    1.27%     1 P:x           -10.744  1.33     7 O
                                    1.26%     1 P:z           -10.744  1.33     8 O
                                    1.13%     1 P:z            -4.724  0.67    12 C
                                    1.05%     1 P:y           -10.744  1.33     6 O
     -12.818  2.00    59 A         26.50%     1 P:y           -10.744  1.33     6 O
                                   15.96%     1 P:y           -10.744  1.33     5 O
                                   15.13%     1 P:y           -10.744  1.33     7 O
                                    3.92%     1 P:z           -10.744  1.33     2 O
                                    3.40%     1 P:z           -10.744  1.33     8 O
                                    2.87%     1 P:x           -10.744  1.33     7 O
                                    2.80%     1 P:y           -10.744  1.33     8 O
                                    2.58%     1 D:yz           14.724  0.00    16 S
                                    2.30%     1 P:x           -10.744  1.33     1 O
                                    2.18%     1 P:z           -10.744  1.33     3 O
                                    1.78%     1 D:xy           14.724  0.00    16 S
                                    1.75%     1 P:x           -10.744  1.33     2 O
                                    1.21%     1 D:z2           14.724  0.00    16 S
                                    1.18%     1 P:y           -10.744  1.33     4 O
                                    1.10%     1 P:x           -10.744  1.33     3 O
     -12.428  2.00    60 A         23.26%     1 P:z           -10.744  1.33     2 O
                                   13.05%     1 P:x           -10.744  1.33     2 O
                                    8.74%     1 P:x           -10.744  1.33     6 O
                                    5.68%     1 P:z           -10.744  1.33     8 O
                                    5.68%     1 P:y           -10.744  1.33     7 O
                                    4.75%     1 P:y           -10.744  1.33     6 O
                                    3.30%     1 P:x           -10.744  1.33     1 O
                                    2.43%     1 P:x           -10.744  1.33     7 O
                                    2.42%     1 D:x2-y2        14.724  0.00    15 S
                                    2.18%     1 P:z           -10.744  1.33     5 O
                                    2.10%     1 P:x            -4.724  0.67    11 C
                                    2.03%     1 P:z           -10.744  1.33     4 O
                                    1.92%     1 P:x           -10.744  1.33     5 O
                                    1.80%     1 P:z           -10.744  1.33     7 O
                                    1.57%     1 P:x           -10.744  1.33     4 O
                                    1.50%     1 D:xy           14.724  0.00    16 S
                                    1.40%     1 P:z           -10.744  1.33     6 O
                                    1.36%     1 D:z2           14.724  0.00    15 S
                                    1.29%     1 P:y            -4.724  0.67    11 C
                                    1.24%     1 P:x           -10.744  1.33     3 O
                                    1.23%     1 P:y           -10.744  1.33     2 O
                                    1.11%     1 P:y           -10.744  1.33     5 O
     -12.331  2.00    61 A         23.27%     1 P:x           -10.744  1.33     3 O
                                   13.60%     1 P:x           -10.744  1.33     1 O
                                    7.44%     1 P:z           -10.744  1.33     3 O
                                    7.11%     1 P:z           -10.744  1.33     2 O
                                    5.01%     1 P:x           -10.744  1.33     6 O
                                    3.12%     1 P:z           -10.744  1.33     5 O
                                    2.92%     1 P:y            -4.724  0.67    12 C
                                    2.88%     1 P:x           -10.744  1.33     5 O
                                    2.72%     1 P:y           -10.744  1.33     4 O
                                    2.63%     1 P:y           -10.744  1.33     8 O
                                    2.34%     1 P:y            -4.724  0.67    13 C
                                    2.02%     1 P:y           -10.744  1.33     6 O
                                    2.00%     1 P:x           -10.744  1.33     7 O
                                    1.99%     1 P:y           -10.744  1.33     3 O
                                    1.70%     1 P:z            -4.724  0.67    13 C
                                    1.64%     1 P:y           -10.744  1.33     2 O
                                    1.61%     1 P:z           -10.744  1.33     7 O
                                    1.28%     1 D:xy           14.724  0.00    15 S
                                    1.21%     1 D:yz           14.724  0.00    15 S
                                    1.01%     1 P:x           -10.744  1.33     2 O
     -12.176  2.00    62 A         43.01%     1 P:x           -10.744  1.33     6 O
                                   14.93%     1 P:x           -10.744  1.33     1 O
                                    4.88%     1 P:z           -10.744  1.33     6 O
                                    4.88%     1 D:xz           14.724  0.00    16 S
                                    4.72%     1 P:y           -10.744  1.33     5 O
                                    3.20%     1 P:z           -10.744  1.33     8 O
                                    2.13%     1 P:x            -4.724  0.67    13 C
                                    1.91%     1 P:x           -10.744  1.33     7 O
                                    1.80%     1 P:z           -10.744  1.33     5 O
                                    1.54%     1 P:y            -4.724  0.67    10 C
                                    1.44%     1 P:z            -4.724  0.67    13 C
                                    1.28%     1 P:z            -4.724  0.67    11 C
                                    1.20%     1 P:x           -10.744  1.33     5 O
                                    1.09%     2 S             -17.581  2.00    14 C
     -11.967  2.00    63 A         22.54%     1 P:z           -10.744  1.33     8 O
                                    8.61%     1 P:x           -10.744  1.33     3 O
                                    7.09%     1 P:x           -10.744  1.33     2 O
                                    5.83%     1 P:x           -10.744  1.33     6 O
                                    4.98%     1 P:z           -10.744  1.33     3 O
                                    4.36%     1 P:x           -10.744  1.33     1 O
                                    3.84%     1 P:x            -4.724  0.67    11 C
                                    3.65%     1 P:z           -10.744  1.33     2 O
                                    3.06%     1 P:x            -4.724  0.67    13 C
                                    2.87%     1 P:x           -10.744  1.33     8 O
                                    2.33%     1 P:y            -4.724  0.67    13 C
                                    1.94%     1 P:x            -4.724  0.67    12 C
                                    1.66%     1 P:y            -4.724  0.67    11 C
                                    1.60%     1 P:y           -10.744  1.33     8 O
                                    1.54%     1 P:z           -10.744  1.33     4 O
                                    1.32%     1 P:y           -10.744  1.33     4 O
                                    1.18%     1 D:xy           14.724  0.00    15 S
                                    1.11%     2 S             -17.581  2.00     9 C
                                    1.11%     1 D:x2-y2        14.724  0.00    15 S
                                    1.10%     1 P:z            -4.724  0.67    10 C
     -11.861  2.00    64 A         26.22%     1 P:x           -10.744  1.33     5 O
                                   15.72%     1 P:z           -10.744  1.33     5 O
                                    5.41%     1 P:z           -10.744  1.33     3 O
                                    4.28%     1 P:z           -10.744  1.33     2 O
                                    4.15%     1 P:x           -10.744  1.33     3 O
                                    4.05%     1 P:y            -4.724  0.67    11 C
                                    3.87%     1 P:x            -4.724  0.67    13 C
                                    3.72%     1 P:x           -10.744  1.33     1 O
                                    2.91%     1 P:y           -10.744  1.33     7 O
                                    2.32%     1 P:x           -10.744  1.33     2 O
                                    2.04%     1 P:y           -10.744  1.33     1 O
                                    1.79%     1 D:xy           14.724  0.00    16 S
                                    1.74%     1 P:y           -10.744  1.33     4 O
                                    1.71%     1 D:x2-y2        14.724  0.00    16 S
                                    1.49%     1 P:z           -10.744  1.33     6 O
                                    1.39%     1 P:y            -4.724  0.67    10 C
                                    1.10%     2 S             -17.581  2.00    13 C
                                    1.09%     1 P:z            -4.724  0.67    10 C
                                    1.05%     1 P:z            -4.724  0.67    13 C
                                    1.01%     1 P:y           -10.744  1.33     5 O
     -11.473  2.00    65 A         38.03%     1 P:y           -10.744  1.33     2 O
                                   25.13%     1 P:z           -10.744  1.33     3 O
                                   12.08%     1 P:x           -10.744  1.33     3 O
                                    8.31%     1 P:y           -10.744  1.33     4 O
                                    4.62%     1 P:z           -10.744  1.33     4 O
                                    4.25%     1 P:x           -10.744  1.33     4 O
                                    1.40%     1 P:z           -10.744  1.33     2 O
                                    1.34%     1 P:y           -10.744  1.33     3 O
                                    1.13%     1 P:x           -10.744  1.33     5 O
                                    1.05%     1 D:x2-y2        14.724  0.00    15 S
     -11.345  2.00    66 A         29.07%     1 P:y           -10.744  1.33     6 O
                                   22.06%     1 P:z           -10.744  1.33     5 O
                                   16.84%     1 P:y           -10.744  1.33     5 O
                                   10.28%     1 P:x           -10.744  1.33     5 O
                                    5.50%     1 P:y           -10.744  1.33     7 O
                                    3.03%     1 P:z           -10.744  1.33     6 O
                                    2.66%     1 P:x           -10.744  1.33     6 O
                                    2.29%     1 P:x           -10.744  1.33     7 O
                                    1.58%     1 D:z2           14.724  0.00    16 S
                                    1.35%     1 P:z           -10.744  1.33     7 O
                                    1.34%     1 D:yz           14.724  0.00    16 S
     -10.287  2.00    67 A         21.79%     1 P:y            -4.724  0.67    13 C
                                   16.59%     1 P:y            -4.724  0.67    10 C
                                   10.46%     1 P:y            -4.724  0.67    12 C
                                    9.97%     1 P:y            -4.724  0.67    11 C
                                    4.91%     1 P:x           -10.744  1.33     5 O
                                    4.02%     1 P:y           -10.744  1.33     1 O
                                    3.81%     1 P:y           -10.744  1.33     8 O
                                    3.35%     1 P:z           -10.744  1.33     5 O
                                    3.32%     1 P:z            -4.724  0.67    10 C
                                    3.28%     1 P:z            -4.724  0.67    13 C
                                    2.41%     1 P:z            -4.724  0.67    12 C
                                    2.01%     1 P:z           -10.744  1.33     8 O
                                    1.74%     1 P:z            -4.724  0.67    11 C
                                    1.57%     1 P:y           -10.744  1.33     6 O
     -10.142  2.00    68 A         27.41%     1 P:x           -10.744  1.33     1 O
                                   13.68%     1 P:z           -10.744  1.33     8 O
                                    6.68%     1 P:x           -10.744  1.33     8 O
                                    5.95%     1 P:z            -4.724  0.67    13 C
                                    4.69%     1 P:x            -4.724  0.67     9 C
                                    4.01%     1 P:x            -4.724  0.67    10 C
                                    3.00%     1 P:z            -4.724  0.67    14 C
                                    2.65%     1 P:y           -10.744  1.33     8 O
                                    2.38%     1 P:x            -4.724  0.67    14 C
                                    2.02%     1 P:x           -10.744  1.33     6 O
                                    1.57%     1 P:z           -10.744  1.33     6 O
                                    1.54%     2 P:x             6.178  0.00     9 C
                                    1.41%     1 D:xz           36.114  0.00     9 C
                                    1.17%     1 P:x           -10.744  1.33     5 O
                                    1.17%     1 S              -6.547  1.00    17 H
                                    1.04%     2 P:z             6.178  0.00    13 C
      -4.273  0.00    69 A         13.55%     1 P:y           -10.744  1.33     1 O
                                   12.45%     1 P:y            -4.724  0.67    10 C
                                   10.15%     1 P:y            -4.724  0.67    12 C
                                    9.96%     1 P:y           -10.744  1.33     8 O
                                    9.05%     1 P:y            -4.724  0.67     9 C
                                    8.41%     1 P:y            -4.724  0.67    11 C
                                    7.99%     1 P:y            -4.724  0.67    13 C
                                    7.98%     1 P:y            -4.724  0.67    14 C
                                    2.47%     1 P:z           -10.744  1.33     8 O
                                    2.43%     1 P:z            -4.724  0.67    10 C
                                    2.28%     1 P:z            -4.724  0.67    12 C
                                    1.96%     1 P:z           -10.744  1.33     1 O
                                    1.69%     1 P:z            -4.724  0.67    14 C
                                    1.65%     1 P:z            -4.724  0.67    13 C
                                    1.51%     1 P:z            -4.724  0.67    11 C
                                    1.44%     1 P:z            -4.724  0.67     9 C
                                   -1.03%     2 P:y            11.793  0.00     1 O
      -0.994  0.00    70 A         22.33%     1 P:y            -4.724  0.67    14 C
                                   21.47%     1 P:y            -4.724  0.67    10 C
                                   18.10%     1 P:y            -4.724  0.67    11 C
                                   11.84%     1 P:y           -10.744  1.33     8 O
                                    5.25%     1 P:z            -4.724  0.67    14 C
                                    5.06%     1 P:y            -4.724  0.67    12 C
                                   -4.12%     2 P:y             6.178  0.00    11 C
                                    3.66%     1 P:z            -4.724  0.67    10 C
                                    3.38%     1 P:z            -4.724  0.67    11 C
                                   -2.72%     2 P:y             6.178  0.00    10 C
                                    2.58%     1 P:z           -10.744  1.33     8 O
                                    2.28%     2 P:y            -8.010  1.33    15 S
                                    2.27%     1 S              -6.547  1.00    18 H
                                   -2.06%     2 P:y             6.178  0.00    14 C
                                   -1.83%     2 P:y            11.793  0.00     8 O
                                   -1.23%     2 P:y             6.178  0.00    12 C
                                    1.07%     1 P:x            -4.724  0.67    14 C
                                    1.07%     1 P:z           -10.744  1.33     3 O
      -0.790  0.00    71 A         25.78%     1 P:y            -4.724  0.67    12 C
                                   21.71%     1 P:y            -4.724  0.67     9 C
                                   17.99%     1 P:y            -4.724  0.67    13 C
                                   11.60%     1 P:y           -10.744  1.33     1 O
                                    6.06%     1 P:z            -4.724  0.67    12 C
                                    4.28%     1 P:z            -4.724  0.67    13 C
                                   -3.96%     2 P:y             6.178  0.00    13 C
                                    3.35%     1 P:z            -4.724  0.67     9 C
                                   -2.70%     2 P:y             6.178  0.00    12 C
                                    2.11%     2 P:y            -8.010  1.33    16 S
                                   -1.88%     2 P:y            11.793  0.00     1 O
                                    1.88%     1 P:y            -4.724  0.67    11 C
                                    1.84%     1 P:y            -4.724  0.67    10 C
                                   -1.82%     2 P:y             6.178  0.00     9 C
                                    1.73%     1 P:z           -10.744  1.33     1 O
                                    1.30%     1 P:x           -10.744  1.33     5 O
                                    1.16%     1 D:xy           14.724  0.00    16 S
                                   -1.05%     2 P:z             6.178  0.00    13 C
                                    1.03%     2 P:y            -8.010  1.33    15 S
      -0.138  0.00    72 A         47.97%     1 S              -6.547  1.00    18 H
                                   44.24%     2 S               3.632  0.00    18 H
                                    7.34%     2 S               3.632  0.00    19 H
                                    5.49%     1 S              -6.547  1.00    19 H
                                   -5.03%     3 P:z             4.822  0.00    15 S
                                    4.05%     2 S               3.632  0.00    17 H
                                   -3.36%     4 S               6.901  0.00    15 S
                                    3.00%     1 S              -6.547  1.00    17 H
                                   -2.35%     2 P:z            11.793  0.00     4 O
                                    1.66%     1 P:x            12.639  0.00    18 H
                                   -1.52%     2 P:z            -8.010  1.33    15 S
                                   -1.46%     2 P:z             6.178  0.00    12 C
                                    1.25%     1 P:z            12.639  0.00    18 H
                                   -1.23%     3 S              24.306  0.00     4 O
                                   -1.11%     2 P:x             6.178  0.00    10 C
       0.734  0.00    73 A         43.19%     1 S              -6.547  1.00    20 H
                                   38.58%     2 S               3.632  0.00    20 H
                                   11.83%     2 S               3.632  0.00    19 H
                                   10.20%     1 S              -6.547  1.00    19 H
                                    7.22%     2 S               3.632  0.00    17 H
                                   -5.43%     4 S               6.901  0.00    16 S
                                    5.24%     1 S              -6.547  1.00    18 H
                                    4.06%     1 S              -6.547  1.00    17 H
                                    3.55%     2 P:x             6.178  0.00    13 C
                                   -3.42%     2 P:x             6.178  0.00    11 C
                                   -2.96%     3 S             -21.008  2.00    16 S
                                   -2.72%     3 S              11.786  0.00     9 C
                                   -2.07%     3 S              11.786  0.00    13 C
                                    2.02%     2 S               3.632  0.00    18 H
                                    1.85%     1 P:x            -4.724  0.67    10 C
                                   -1.77%     2 P:x             6.178  0.00    14 C
                                   -1.74%     3 P:y             4.822  0.00    16 S
                                   -1.60%     2 P:z             6.178  0.00    12 C
                                   -1.56%     3 S              11.786  0.00    14 C
                                   -1.26%     3 S              24.306  0.00     7 O
                                    1.22%     2 P:x             6.178  0.00    12 C
                                   -1.17%     3 P:x             4.822  0.00    16 S
                                   -1.16%     2 S             -17.581  2.00    14 C
                                    1.14%     2 P:x             6.178  0.00    10 C
                                   -1.13%     1 P:x            -4.724  0.67    11 C
                                    1.13%     2 S             -29.866  2.00     7 O
                                   -1.12%     2 P:x            11.793  0.00     8 O
                                    1.11%     1 P:z            -4.724  0.67    12 C
                                   -1.09%     3 P:z             4.822  0.00    16 S
                                   -1.04%     2 P:x            11.793  0.00     7 O
                                    1.01%     1 P:z            12.639  0.00    20 H
       1.062  0.00    74 A         65.20%     2 S               3.632  0.00    17 H
                                   54.19%     1 S              -6.547  1.00    17 H
                                  -18.21%     2 P:x             6.178  0.00    10 C
                                   13.46%     1 S              -6.547  1.00    20 H
                                   -8.87%     2 P:z             6.178  0.00    10 C
                                    8.00%     2 S               3.632  0.00    20 H
                                    5.72%     1 S              -6.547  1.00    18 H
                                   -4.74%     2 P:z             6.178  0.00    11 C
                                    4.25%     2 P:z             6.178  0.00    12 C
                                    3.47%     2 P:x             6.178  0.00    11 C
                                    3.39%     2 S               3.632  0.00    19 H
                                   -3.20%     3 P:z             4.822  0.00    15 S
                                   -2.80%     3 S              11.786  0.00    10 C
                                   -2.73%     3 S              11.786  0.00     9 C
                                    2.72%     1 S              -6.547  1.00    19 H
                                   -2.62%     2 P:x             6.178  0.00    13 C
                                   -2.47%     2 P:x             6.178  0.00     9 C
                                   -2.46%     2 S             -17.581  2.00     9 C
                                   -2.41%     3 S              11.786  0.00    11 C
                                   -1.81%     2 S             -17.581  2.00    11 C
                                   -1.64%     1 P:z            -4.724  0.67    11 C
                                   -1.52%     3 S              41.591  0.00    17 H
                                   -1.52%     4 S               6.901  0.00    15 S
                                    1.38%     1 P:z            -4.724  0.67    12 C
                                   -1.37%     3 P:x             4.822  0.00    16 S
                                   -1.26%     1 P:z            -4.724  0.67    10 C
                                   -1.22%     2 P:x             6.178  0.00    12 C
                                   -1.16%     3 S             -21.008  2.00    15 S
                                    1.08%     2 P:z             6.178  0.00     9 C



 =======================================================================
 Electrostatic potential at the Nuclei due to electrons and other nuclei
 =======================================================================
  
         Atom                  Potential
         ----                  ---------
     1)   O                  22.28817904
     2)   C                  14.60709862
     3)   C                  14.67192796
     4)   C                  14.64830019
     5)   S                  58.95315609
     6)   O                  22.31692475
     7)   O                  22.31624187
     8)   O                  22.25224268
     9)   C                  14.65940829
    10)   C                  14.66733536
    11)   S                  58.96851024
    12)   O                  22.33332768
    13)   O                  22.33011960
    14)   O                  22.27159911
    15)   C                  14.60191129
    16)   O                  22.28595330
    17)   H                   1.01850400
    18)   H                   0.88097190
    19)   H                   1.01416930
    20)   H                   0.90509649
 Mulliken charges used for AMS results%charges...


    =====================
     CALCULATION RESULTS
    =====================

Energy (hartree)            -7.11815043


--------------
Atomic charges
--------------
  Index   Atom    Charge
      1      O   -0.4197
      2      C    0.4303
      3      C    0.1397
      4      C   -0.1847
      5      S    1.6102
      6      O   -0.6657
      7      O   -0.6528
      8      O   -0.5752
      9      C    0.2819
     10      C   -0.2554
     11      S    1.6186
     12      O   -0.6607
     13      O   -0.6687
     14      O   -0.5820
     15      C    0.5288
     16      O   -0.4763
     17      H   -0.0525
     18      H    0.2994
     19      H   -0.0403
     20      H    0.3252


Dipole moment vector    (Debye):    -2.87825943    2.44984927   -0.60869364
              magnitude (Debye):     3.82840003


-----------------------
Molecular orbitals info
-----------------------
n orbitals:              344
n spin:                    1

Note: only printing virtual orbitals with
      energy smaller than HOMO + 100. eV

HOMO (eV):             -10.1420
LUMO (eV):              -4.2729
HOMO-LUMO gap (eV):      5.8691

   Index   Energy (eV)    Occupation
     266       89.4292         0.000       
     265       87.6871         0.000       
     264       87.2347         0.000       
     263       84.1949         0.000       
     262       82.9641         0.000       
     261       81.3702         0.000       
     260       81.0777         0.000       
     259       79.3457         0.000       
     258       78.4127         0.000       
     257       76.9022         0.000       
     256       75.5440         0.000       
     255       74.0596         0.000       
     254       73.8513         0.000       
     253       72.2436         0.000       
     252       72.1058         0.000       
     251       71.5946         0.000       
     250       70.6901         0.000       
     249       69.1370         0.000       
     248       68.8993         0.000       
     247       68.7163         0.000       
     246       68.0400         0.000       
     245       67.6533         0.000       
     244       66.9576         0.000       
     243       66.1780         0.000       
     242       65.4735         0.000       
     241       65.2980         0.000       
     240       64.5667         0.000       
     239       64.2814         0.000       
     238       63.6184         0.000       
     237       63.1303         0.000       
     236       62.4043         0.000       
     235       61.7808         0.000       
     234       61.6224         0.000       
     233       60.6579         0.000       
     232       59.5317         0.000       
     231       58.6581         0.000       
     230       58.1039         0.000       
     229       57.3822         0.000       
     228       56.3816         0.000       
     227       56.0549         0.000       
     226       55.4156         0.000       
     225       54.9282         0.000       
     224       54.2743         0.000       
     223       54.0577         0.000       
     222       53.4300         0.000       
     221       52.8615         0.000       
     220       51.8239         0.000       
     219       51.5991         0.000       
     218       50.6874         0.000       
     217       50.4720         0.000       
     216       49.8581         0.000       
     215       49.4279         0.000       
     214       49.1654         0.000       
     213       48.8682         0.000       
     212       48.5591         0.000       
     211       47.7018         0.000       
     210       47.4995         0.000       
     209       46.4882         0.000       
     208       46.1693         0.000       
     207       45.5660         0.000       
     206       44.7057         0.000       
     205       44.6275         0.000       
     204       44.2569         0.000       
     203       43.5178         0.000       
     202       43.1421         0.000       
     201       42.6180         0.000       
     200       42.1118         0.000       
     199       41.8712         0.000       
     198       41.3363         0.000       
     197       41.2411         0.000       
     196       41.1539         0.000       
     195       40.7009         0.000       
     194       40.4673         0.000       
     193       40.3526         0.000       
     192       39.7804         0.000       
     191       39.1799         0.000       
     190       38.7700         0.000       
     189       38.4604         0.000       
     188       38.2314         0.000       
     187       37.6132         0.000       
     186       37.5485         0.000       
     185       37.4271         0.000       
     184       36.9683         0.000       
     183       36.6874         0.000       
     182       36.0600         0.000       
     181       35.7570         0.000       
     180       35.4802         0.000       
     179       35.2278         0.000       
     178       35.1457         0.000       
     177       34.8440         0.000       
     176       34.3243         0.000       
     175       33.7346         0.000       
     174       33.5022         0.000       
     173       32.7603         0.000       
     172       32.7191         0.000       
     171       32.2198         0.000       
     170       31.7529         0.000       
     169       31.4130         0.000       
     168       30.4100         0.000       
     167       29.9269         0.000       
     166       29.7910         0.000       
     165       29.0323         0.000       
     164       28.8314         0.000       
     163       28.3686         0.000       
     162       27.8831         0.000       
     161       27.1416         0.000       
     160       26.9931         0.000       
     159       26.7122         0.000       
     158       26.4440         0.000       
     157       26.1982         0.000       
     156       25.8393         0.000       
     155       25.5545         0.000       
     154       25.4145         0.000       
     153       24.9364         0.000       
     152       24.1265         0.000       
     151       23.1481         0.000       
     150       22.7945         0.000       
     149       22.4271         0.000       
     148       22.2441         0.000       
     147       22.0290         0.000       
     146       21.9431         0.000       
     145       21.4476         0.000       
     144       20.9138         0.000       
     143       20.5493         0.000       
     142       20.3927         0.000       
     141       19.8871         0.000       
     140       19.5623         0.000       
     139       19.2502         0.000       
     138       19.1271         0.000       
     137       18.7465         0.000       
     136       18.4492         0.000       
     135       18.1655         0.000       
     134       18.1224         0.000       
     133       17.7888         0.000       
     132       17.5186         0.000       
     131       17.1901         0.000       
     130       16.6707         0.000       
     129       16.3781         0.000       
     128       16.2198         0.000       
     127       16.0589         0.000       
     126       15.5881         0.000       
     125       15.3310         0.000       
     124       15.1040         0.000       
     123       14.5267         0.000       
     122       14.4318         0.000       
     121       14.1732         0.000       
     120       13.8282         0.000       
     119       13.3847         0.000       
     118       13.1688         0.000       
     117       12.8001         0.000       
     116       12.5426         0.000       
     115       12.2639         0.000       
     114       12.0360         0.000       
     113       11.7690         0.000       
     112       11.5784         0.000       
     111       11.4744         0.000       
     110       11.1750         0.000       
     109       10.8280         0.000       
     108       10.3663         0.000       
     107        9.9666         0.000       
     106        9.7201         0.000       
     105        9.4228         0.000       
     104        8.9568         0.000       
     103        8.6766         0.000       
     102        8.3255         0.000       
     101        7.8101         0.000       
     100        7.6384         0.000       
      99        7.4614         0.000       
      98        7.2545         0.000       
      97        7.0638         0.000       
      96        6.6335         0.000       
      95        6.5830         0.000       
      94        6.0737         0.000       
      93        6.0043         0.000       
      92        5.8576         0.000       
      91        5.6893         0.000       
      90        5.3412         0.000       
      89        5.2395         0.000       
      88        4.8675         0.000       
      87        4.6837         0.000       
      86        4.3274         0.000       
      85        3.9043         0.000       
      84        3.6025         0.000       
      83        3.4806         0.000       
      82        3.3214         0.000       
      81        3.1995         0.000       
      80        2.9351         0.000       
      79        2.5505         0.000       
      78        2.2874         0.000       
      77        2.1423         0.000       
      76        2.0094         0.000       
      75        1.5982         0.000       
      74        1.0621         0.000       
      73        0.7343         0.000       
      72       -0.1375         0.000       
      71       -0.7899         0.000       
      70       -0.9944         0.000       
      69       -4.2729         0.000 < LUMO
      68      -10.1420         2.000 < HOMO
      67      -10.2873         2.000       
      66      -11.3449         2.000       
      65      -11.4726         2.000       
      64      -11.8611         2.000       
      63      -11.9672         2.000       
      62      -12.1755         2.000       
      61      -12.3308         2.000       
      60      -12.4280         2.000       
      59      -12.8182         2.000       
      58      -13.0773         2.000       
      57      -13.2909         2.000       
      56      -13.4189         2.000       
      55      -14.1244         2.000       
      54      -14.2152         2.000       
      53      -14.7902         2.000       
      52      -14.8932         2.000       
      51      -15.2368         2.000       
      50      -15.8060         2.000       
      49      -15.9189         2.000       
      48      -16.1525         2.000       
      47      -16.2979         2.000       
      46      -16.4078         2.000       
      45      -16.9252         2.000       
      44      -17.1568         2.000       
      43      -17.8774         2.000       
      42      -18.1052         2.000       
      41      -18.2219         2.000       
      40      -18.8894         2.000       
      39      -20.3238         2.000       
      38      -20.5608         2.000       
      37      -22.1407         2.000       
      36      -22.5842         2.000       
      35      -24.3559         2.000       
      34      -25.9289         2.000       
      33      -28.4454         2.000       
      32      -32.0018         2.000       
      31      -32.3676         2.000       
      30      -32.7311         2.000       
      29      -33.1816         2.000       
      28      -33.7804         2.000       
      27      -34.4686         2.000       
      26      -35.8609         2.000       
      25      -36.2030         2.000       
      24     -174.1303         2.000       
      23     -174.1386         2.000       
      22     -174.1838         2.000       
      21     -174.5785         2.000       
      20     -174.5846         2.000       
      19     -174.6376         2.000       
      18     -230.7685         2.000       
      17     -231.2219         2.000       
      16     -289.6017         2.000       
      15     -289.6909         2.000       
      14     -289.9179         2.000       
      13     -290.2064         2.000       
      12     -291.3596         2.000       
      11     -291.4978         2.000       
      10     -534.9022         2.000       
       9     -534.9815         2.000       
       8     -535.3461         2.000       
       7     -535.3718         2.000       
       6     -536.1283         2.000       
       5     -536.1588         2.000       
       4     -536.3949         2.000       
       3     -536.9056         2.000       
       2    -2453.2269         2.000       
       1    -2453.6570         2.000       

AMS application finished. Exiting.
NORMAL TERMINATION
     Total cpu time:    1293.08
  Total system time:       8.02
 Total elapsed time:    1308.93



 =========================================
 C O N C E P T U A L   D F T   ( F D L ) 
 =========================================
 Originally written by Laurens Groot (SCM) for condensed Fukui functions
 Extended to other descriptors by L. Joubert & V. Tognetti - Univ.Rouen, France
 All results in a.u. (except dissociation energies in eV)
 All calculations are based on a finite difference linearization (FDL) approach
 Condensed (atomic) values are obtained using four different partitions of the
 electronic density: Hirshfeld, Mulliken, Voronoï and QTAIM

 General reviews on CDFT:
 ------------------------
 H. Chermette, J. Comput. Chem. 20, 129 (1999)
 P. Geerlings, F. de Proft, W. Langenaecker, Chem. Rev. 103, 1793 (2003)

 All formulas used for ADF calculations can be found in this reference:
 G. Hoffmann, V. Tognetti and L. Joubert, J. Mol. Model. 24, 281 (2018)


 GLOBAL DESCRIPTORS
 ==================

 Electronic chemical potential  mu+ =   -0.127
 Electronic chemical potential  mu- =   -0.399
 Electronic chemical potential  mu  =   -0.263
 Electronegativity (chi=-mu)        =    0.263
 Hardness (eta)                     =    0.271
 Softness (S)                       =    3.687
 Electrophilicity index (w=omega)   =    0.127
 Dissociation energy (nucleofuge)   =    0.003 (eV)
 Dissociation energy (electrofuge)  =   14.315 (eV)
 Electrodonating power (w-)         =    0.403
 Electroaccepting power (w+)        =    0.140
 Net electrophilicity               =    0.544


 References for global descriptors:
 ----------------------------------
 C. Morell, A. Grand, A. Toro-Labbe, J. Mol. Model. 19, 2893 (2013)
 R. G. Parr, L.v. Szenpály, S. Liu, J. Am. Chem. Soc. 121, 1922 (1999)
 P.W. Ayers, J.S.M. Anderson, J.I. Rodrigueza, Z. Jaweda, Phys. Chem. Chem. Phys. 7, 1918 (2005)
 J.L. Gazquez, A. Cedillo, A. Vela, J. Phys. Chem. A 111, 1966 (2007)
 P.K. Chattaraj, A. Chakraborty, S. Giri, J. Phys. Chem. A 113, 10068 (2009)
 F. Guegan, P. Mignon, V. Tognetti, L. Joubert, C. Morell, Phys. Chem. Chem. Phys. 16, 15558 (2014)


------------------------
 Hirshfeld Partitioning 
-------------------------

 MAIN ATOMIC DESCRIPTORS: CANONICAL ENSEMBLE
 ===========================================

 Atom		   f+		   f-		   f0		   f(2)
 O(1)		   0.137		   0.200		   0.168		  -0.063
 C(2)		   0.080		   0.082		   0.081		  -0.002
 C(3)		   0.073		   0.030		   0.051		   0.043
 C(4)		   0.060		   0.044		   0.052		   0.016
 S(5)		   0.022		   0.017		   0.019		   0.005
 O(6)		   0.036		   0.034		   0.035		   0.002
 O(7)		   0.040		   0.042		   0.041		  -0.002
 O(8)		   0.014		   0.014		   0.014		   0.000
 C(9)		   0.069		   0.044		   0.057		   0.025
 C(10)		   0.048		   0.028		   0.038		   0.020
 S(11)		   0.018		   0.022		   0.020		  -0.004
 O(12)		   0.036		   0.044		   0.040		  -0.008
 O(13)		   0.038		   0.056		   0.047		  -0.018
 O(14)		   0.024		   0.033		   0.028		  -0.009
 C(15)		   0.071		   0.069		   0.070		   0.002
 O(16)		   0.121		   0.145		   0.133		  -0.024
 H(17)		   0.039		   0.033		   0.036		   0.006
 H(18)		   0.026		   0.021		   0.024		   0.005
 H(19)		   0.035		   0.028		   0.032		   0.007
 H(20)		   0.014		   0.014		   0.014		  -0.000
 --------------------------------------------------------------------------------
 Total		   1.001		   1.000		   1.000		   0.001


 MAIN ATOMIC DESCRIPTORS: GRAND CANONICAL ENSEMBLE
 =================================================

 Atom		   S*f+		   S*f-		   S*f0		   s(2)
 O(1)		   0.505		   0.737		   0.621		  -0.856
 C(2)		   0.295		   0.302		   0.299		  -0.027
 C(3)		   0.269		   0.111		   0.190		   0.584
 C(4)		   0.221		   0.162		   0.192		   0.217
 S(5)		   0.081		   0.063		   0.072		   0.068
 O(6)		   0.133		   0.125		   0.129		   0.027
 O(7)		   0.147		   0.155		   0.151		  -0.027
 O(8)		   0.052		   0.052		   0.052		   0.000
 C(9)		   0.254		   0.162		   0.208		   0.340
 C(10)		   0.177		   0.103		   0.140		   0.272
 S(11)		   0.066		   0.081		   0.074		  -0.054
 O(12)		   0.133		   0.162		   0.147		  -0.109
 O(13)		   0.140		   0.206		   0.173		  -0.245
 O(14)		   0.088		   0.122		   0.105		  -0.122
 C(15)		   0.262		   0.254		   0.258		   0.027
 O(16)		   0.446		   0.535		   0.490		  -0.326
 H(17)		   0.144		   0.122		   0.133		   0.082
 H(18)		   0.096		   0.077		   0.087		   0.068
 H(19)		   0.129		   0.103		   0.116		   0.095
 H(20)		   0.052		   0.052		   0.052		  -0.000
 --------------------------------------------------------------------------------
 Total		   3.690		   3.687		   3.688		   0.014

 Please note that s(2)=S^2*f(2) (approximation)


 COMPOSITE FUKUI FUNCTIONS
 =========================

 Atom		   mu+*f+		   mu-*f-		   w*f+
 O(1)		  -0.017		  -0.080		   0.017		
 C(2)		  -0.010		  -0.033		   0.010		
 C(3)		  -0.009		  -0.012		   0.009		
 C(4)		  -0.008		  -0.018		   0.008		
 S(5)		  -0.003		  -0.007		   0.003		
 O(6)		  -0.005		  -0.014		   0.005		
 O(7)		  -0.005		  -0.017		   0.005		
 O(8)		  -0.002		  -0.006		   0.002		
 C(9)		  -0.009		  -0.018		   0.009		
 C(10)		  -0.006		  -0.011		   0.006		
 S(11)		  -0.002		  -0.009		   0.002		
 O(12)		  -0.005		  -0.018		   0.005		
 O(13)		  -0.005		  -0.022		   0.005		
 O(14)		  -0.003		  -0.013		   0.003		
 C(15)		  -0.009		  -0.028		   0.009		
 O(16)		  -0.015		  -0.058		   0.015		
 H(17)		  -0.005		  -0.013		   0.005		
 H(18)		  -0.003		  -0.008		   0.003		
 H(19)		  -0.004		  -0.011		   0.004		
 H(20)		  -0.002		  -0.006		   0.002		
 --------------------------------------------------------------
 Total		  -0.127		  -0.399		   0.128


 COMPOSITE DUAL DESCRIPTORS
 ==========================

 Atom		   w*f(2)		   S*f(2)		   S^2*f(2)

 O(1)		  -0.008		  -0.232		  -0.856		
 C(2)		  -0.000		  -0.007		  -0.027		
 C(3)		   0.005		   0.159		   0.584		
 C(4)		   0.002		   0.059		   0.217		
 S(5)		   0.001		   0.018		   0.068		
 O(6)		   0.000		   0.007		   0.027		
 O(7)		  -0.000		  -0.007		  -0.027		
 O(8)		   0.000		   0.000		   0.000		
 C(9)		   0.003		   0.092		   0.340		
 C(10)		   0.003		   0.074		   0.272		
 S(11)		  -0.001		  -0.015		  -0.054		
 O(12)		  -0.001		  -0.029		  -0.109		
 O(13)		  -0.002		  -0.066		  -0.245		
 O(14)		  -0.001		  -0.033		  -0.122		
 C(15)		   0.000		   0.007		   0.027		
 O(16)		  -0.003		  -0.088		  -0.326		
 H(17)		   0.001		   0.022		   0.082		
 H(18)		   0.001		   0.018		   0.068		
 H(19)		   0.001		   0.026		   0.095		
 H(20)		  -0.000		  -0.000		  -0.000		
 --------------------------------------------------------------
 Total		   0.000		   0.004		   0.014


 CONDENSED LOCAL ELECTROPHILICITY AND NUCLEOPHILICITY
 ====================================================

 Atom		   electro		  nucleo

 O(1)		   0.103		  -0.224		
 C(2)		   0.077		  -0.080		
 C(3)		   0.091		  -0.009		
 C(4)		   0.066		  -0.035		
 S(5)		   0.024		  -0.014		
 O(6)		   0.036		  -0.032		
 O(7)		   0.038		  -0.042		
 O(8)		   0.014		  -0.014		
 C(9)		   0.079		  -0.031		
 C(10)		   0.056		  -0.018		
 S(11)		   0.016		  -0.023		
 O(12)		   0.031		  -0.046		
 O(13)		   0.028		  -0.063		
 O(14)		   0.019		  -0.036		
 C(15)		   0.070		  -0.066		
 O(16)		   0.106		  -0.152		
 H(17)		   0.041		  -0.029		
 H(18)		   0.028		  -0.018		
 H(19)		   0.037		  -0.024		
 H(20)		   0.014		  -0.014		
 --------------------------------------------
 Total		   0.971		  -0.969


------------------------
 Mulliken Partitioning 
-------------------------

 MAIN ATOMIC DESCRIPTORS: CANONICAL ENSEMBLE
 ===========================================

 Atom		   f+		   f-		   f0		   f(2)
 O(1)		   0.135		   0.214		   0.175		  -0.079
 C(2)		   0.064		   0.052		   0.058		   0.012
 C(3)		   0.090		   0.031		   0.061		   0.059
 C(4)		   0.031		   0.041		   0.036		  -0.010
 S(5)		   0.026		   0.015		   0.020		   0.011
 O(6)		   0.039		   0.038		   0.038		   0.001
 O(7)		   0.041		   0.048		   0.044		  -0.007
 O(8)		   0.004		   0.009		   0.007		  -0.005
 C(9)		   0.073		   0.056		   0.065		   0.017
 C(10)		   0.046		   0.019		   0.033		   0.027
 S(11)		   0.019		   0.017		   0.018		   0.002
 O(12)		   0.038		   0.051		   0.044		  -0.013
 O(13)		   0.040		   0.062		   0.051		  -0.022
 O(14)		   0.027		   0.039		   0.033		  -0.012
 C(15)		   0.060		   0.042		   0.051		   0.018
 O(16)		   0.127		   0.165		   0.146		  -0.038
 H(17)		   0.053		   0.047		   0.050		   0.006
 H(18)		   0.031		   0.024		   0.027		   0.007
 H(19)		   0.049		   0.036		   0.042		   0.013
 H(20)		   0.005		  -0.003		   0.001		   0.008
 --------------------------------------------------------------------------------
 Total		   0.998		   1.003		   1.000		  -0.005


 MAIN ATOMIC DESCRIPTORS: GRAND CANONICAL ENSEMBLE
 =================================================

 Atom		   S*f+		   S*f-		   S*f0		   s(2)
 O(1)		   0.498		   0.789		   0.643		  -1.074
 C(2)		   0.236		   0.192		   0.214		   0.163
 C(3)		   0.332		   0.114		   0.223		   0.802
 C(4)		   0.114		   0.151		   0.133		  -0.136
 S(5)		   0.096		   0.055		   0.076		   0.149
 O(6)		   0.144		   0.140		   0.142		   0.014
 O(7)		   0.151		   0.177		   0.164		  -0.095
 O(8)		   0.015		   0.033		   0.024		  -0.068
 C(9)		   0.269		   0.206		   0.238		   0.231
 C(10)		   0.170		   0.070		   0.120		   0.367
 S(11)		   0.070		   0.063		   0.066		   0.027
 O(12)		   0.140		   0.188		   0.164		  -0.177
 O(13)		   0.147		   0.229		   0.188		  -0.299
 O(14)		   0.100		   0.144		   0.122		  -0.163
 C(15)		   0.221		   0.155		   0.188		   0.245
 O(16)		   0.468		   0.608		   0.538		  -0.516
 H(17)		   0.195		   0.173		   0.184		   0.082
 H(18)		   0.114		   0.088		   0.101		   0.095
 H(19)		   0.181		   0.133		   0.157		   0.177
 H(20)		   0.018		  -0.011		   0.004		   0.109
 --------------------------------------------------------------------------------
 Total		   3.679		   3.698		   3.688		  -0.068

 Please note that s(2)=S^2*f(2) (approximation)


 COMPOSITE FUKUI FUNCTIONS
 =========================

 Atom		   mu+*f+		   mu-*f-		   w*f+
 O(1)		  -0.017		  -0.085		   0.017		
 C(2)		  -0.008		  -0.021		   0.008		
 C(3)		  -0.011		  -0.012		   0.011		
 C(4)		  -0.004		  -0.016		   0.004		
 S(5)		  -0.003		  -0.006		   0.003		
 O(6)		  -0.005		  -0.015		   0.005		
 O(7)		  -0.005		  -0.019		   0.005		
 O(8)		  -0.001		  -0.004		   0.001		
 C(9)		  -0.009		  -0.022		   0.009		
 C(10)		  -0.006		  -0.008		   0.006		
 S(11)		  -0.002		  -0.007		   0.002		
 O(12)		  -0.005		  -0.020		   0.005		
 O(13)		  -0.005		  -0.025		   0.005		
 O(14)		  -0.003		  -0.016		   0.003		
 C(15)		  -0.008		  -0.017		   0.008		
 O(16)		  -0.016		  -0.066		   0.016		
 H(17)		  -0.007		  -0.019		   0.007		
 H(18)		  -0.004		  -0.010		   0.004		
 H(19)		  -0.006		  -0.014		   0.006		
 H(20)		  -0.001		   0.001		   0.001		
 --------------------------------------------------------------
 Total		  -0.127		  -0.400		   0.127


 COMPOSITE DUAL DESCRIPTORS
 ==========================

 Atom		   w*f(2)		   S*f(2)		   S^2*f(2)

 O(1)		  -0.010		  -0.291		  -1.074		
 C(2)		   0.002		   0.044		   0.163		
 C(3)		   0.008		   0.218		   0.802		
 C(4)		  -0.001		  -0.037		  -0.136		
 S(5)		   0.001		   0.041		   0.149		
 O(6)		   0.000		   0.004		   0.014		
 O(7)		  -0.001		  -0.026		  -0.095		
 O(8)		  -0.001		  -0.018		  -0.068		
 C(9)		   0.002		   0.063		   0.231		
 C(10)		   0.003		   0.100		   0.367		
 S(11)		   0.000		   0.007		   0.027		
 O(12)		  -0.002		  -0.048		  -0.177		
 O(13)		  -0.003		  -0.081		  -0.299		
 O(14)		  -0.002		  -0.044		  -0.163		
 C(15)		   0.002		   0.066		   0.245		
 O(16)		  -0.005		  -0.140		  -0.516		
 H(17)		   0.001		   0.022		   0.082		
 H(18)		   0.001		   0.026		   0.095		
 H(19)		   0.002		   0.048		   0.177		
 H(20)		   0.001		   0.029		   0.109		
 --------------------------------------------------------------
 Total		  -0.001		  -0.018		  -0.068


 CONDENSED LOCAL ELECTROPHILICITY AND NUCLEOPHILICITY
 ====================================================

 Atom		   electro		  nucleo

 O(1)		   0.094		  -0.245		
 C(2)		   0.068		  -0.045		
 C(3)		   0.115		  -0.002		
 C(4)		   0.025		  -0.044		
 S(5)		   0.030		  -0.009		
 O(6)		   0.038		  -0.036		
 O(7)		   0.036		  -0.050		
 O(8)		   0.002		  -0.011		
 C(9)		   0.079		  -0.046		
 C(10)		   0.057		  -0.006		
 S(11)		   0.019		  -0.016		
 O(12)		   0.031		  -0.056		
 O(13)		   0.028		  -0.070		
 O(14)		   0.021		  -0.043		
 C(15)		   0.067		  -0.032		
 O(16)		   0.105		  -0.178		
 H(17)		   0.054		  -0.043		
 H(18)		   0.033		  -0.020		
 H(19)		   0.054		  -0.029		
 H(20)		   0.009		   0.007		
 --------------------------------------------
 Total		   0.965		  -0.975


------------------------
 Voronoï Partitioning 
-------------------------

 MAIN ATOMIC DESCRIPTORS: CANONICAL ENSEMBLE
 ===========================================

 Atom		   f+		   f-		   f0		   f(2)
 O(1)		   0.154		   0.230		   0.192		  -0.076
 C(2)		   0.066		   0.053		   0.059		   0.013
 C(3)		   0.057		   0.013		   0.035		   0.044
 C(4)		   0.061		   0.051		   0.056		   0.010
 S(5)		   0.002		   0.003		   0.003		  -0.001
 O(6)		   0.040		   0.038		   0.039		   0.002
 O(7)		   0.046		   0.047		   0.046		  -0.001
 O(8)		   0.004		   0.005		   0.004		  -0.001
 C(9)		   0.054		   0.035		   0.044		   0.019
 C(10)		   0.049		   0.027		   0.038		   0.022
 S(11)		   0.001		   0.002		   0.002		  -0.001
 O(12)		   0.042		   0.050		   0.046		  -0.008
 O(13)		   0.042		   0.064		   0.053		  -0.022
 O(14)		   0.026		   0.034		   0.030		  -0.008
 C(15)		   0.060		   0.048		   0.054		   0.012
 O(16)		   0.135		   0.164		   0.149		  -0.029
 H(17)		   0.058		   0.047		   0.052		   0.011
 H(18)		   0.037		   0.031		   0.034		   0.006
 H(19)		   0.053		   0.042		   0.047		   0.011
 H(20)		   0.016		   0.016		   0.016		   0.000
 --------------------------------------------------------------------------------
 Total		   1.003		   1.000		   1.001		   0.003


 MAIN ATOMIC DESCRIPTORS: GRAND CANONICAL ENSEMBLE
 =================================================

 Atom		   S*f+		   S*f-		   S*f0		   s(2)
 O(1)		   0.568		   0.848		   0.708		  -1.033
 C(2)		   0.243		   0.195		   0.219		   0.177
 C(3)		   0.210		   0.048		   0.129		   0.598
 C(4)		   0.225		   0.188		   0.206		   0.136
 S(5)		   0.007		   0.011		   0.009		  -0.014
 O(6)		   0.147		   0.140		   0.144		   0.027
 O(7)		   0.170		   0.173		   0.171		  -0.014
 O(8)		   0.015		   0.018		   0.017		  -0.014
 C(9)		   0.199		   0.129		   0.164		   0.258
 C(10)		   0.181		   0.100		   0.140		   0.299
 S(11)		   0.004		   0.007		   0.006		  -0.014
 O(12)		   0.155		   0.184		   0.170		  -0.109
 O(13)		   0.155		   0.236		   0.195		  -0.299
 O(14)		   0.096		   0.125		   0.111		  -0.109
 C(15)		   0.221		   0.177		   0.199		   0.163
 O(16)		   0.498		   0.605		   0.551		  -0.394
 H(17)		   0.214		   0.173		   0.194		   0.149
 H(18)		   0.136		   0.114		   0.125		   0.082
 H(19)		   0.195		   0.155		   0.175		   0.149
 H(20)		   0.059		   0.059		   0.059		   0.000
 --------------------------------------------------------------------------------
 Total		   3.698		   3.687		   3.692		   0.041

 Please note that s(2)=S^2*f(2) (approximation)


 COMPOSITE FUKUI FUNCTIONS
 =========================

 Atom		   mu+*f+		   mu-*f-		   w*f+
 O(1)		  -0.020		  -0.092		   0.020		
 C(2)		  -0.008		  -0.021		   0.008		
 C(3)		  -0.007		  -0.005		   0.007		
 C(4)		  -0.008		  -0.020		   0.008		
 S(5)		  -0.000		  -0.001		   0.000		
 O(6)		  -0.005		  -0.015		   0.005		
 O(7)		  -0.006		  -0.019		   0.006		
 O(8)		  -0.001		  -0.002		   0.001		
 C(9)		  -0.007		  -0.014		   0.007		
 C(10)		  -0.006		  -0.011		   0.006		
 S(11)		  -0.000		  -0.001		   0.000		
 O(12)		  -0.005		  -0.020		   0.005		
 O(13)		  -0.005		  -0.026		   0.005		
 O(14)		  -0.003		  -0.014		   0.003		
 C(15)		  -0.008		  -0.019		   0.008		
 O(16)		  -0.017		  -0.065		   0.017		
 H(17)		  -0.007		  -0.019		   0.007		
 H(18)		  -0.005		  -0.012		   0.005		
 H(19)		  -0.007		  -0.017		   0.007		
 H(20)		  -0.002		  -0.006		   0.002		
 --------------------------------------------------------------
 Total		  -0.128		  -0.399		   0.128


 COMPOSITE DUAL DESCRIPTORS
 ==========================

 Atom		   w*f(2)		   S*f(2)		   S^2*f(2)

 O(1)		  -0.010		  -0.280		  -1.033		
 C(2)		   0.002		   0.048		   0.177		
 C(3)		   0.006		   0.162		   0.598		
 C(4)		   0.001		   0.037		   0.136		
 S(5)		  -0.000		  -0.004		  -0.014		
 O(6)		   0.000		   0.007		   0.027		
 O(7)		  -0.000		  -0.004		  -0.014		
 O(8)		  -0.000		  -0.004		  -0.014		
 C(9)		   0.002		   0.070		   0.258		
 C(10)		   0.003		   0.081		   0.299		
 S(11)		  -0.000		  -0.004		  -0.014		
 O(12)		  -0.001		  -0.029		  -0.109		
 O(13)		  -0.003		  -0.081		  -0.299		
 O(14)		  -0.001		  -0.029		  -0.109		
 C(15)		   0.002		   0.044		   0.163		
 O(16)		  -0.004		  -0.107		  -0.394		
 H(17)		   0.001		   0.041		   0.149		
 H(18)		   0.001		   0.022		   0.082		
 H(19)		   0.001		   0.041		   0.149		
 H(20)		   0.000		   0.000		   0.000		
 --------------------------------------------------------------
 Total		   0.000		   0.011		   0.041


 CONDENSED LOCAL ELECTROPHILICITY AND NUCLEOPHILICITY
 ====================================================

 Atom		   electro		  nucleo

 O(1)		   0.114		  -0.259		
 C(2)		   0.070		  -0.045		
 C(3)		   0.076		   0.008		
 C(4)		   0.064		  -0.045		
 S(5)		   0.001		  -0.003		
 O(6)		   0.040		  -0.036		
 O(7)		   0.044		  -0.046		
 O(8)		   0.003		  -0.005		
 C(9)		   0.061		  -0.025		
 C(10)		   0.058		  -0.016		
 S(11)		   0.000		  -0.002		
 O(12)		   0.037		  -0.052		
 O(13)		   0.030		  -0.072		
 O(14)		   0.021		  -0.037		
 C(15)		   0.064		  -0.041		
 O(16)		   0.117		  -0.173		
 H(17)		   0.061		  -0.040		
 H(18)		   0.039		  -0.027		
 H(19)		   0.057		  -0.036		
 H(20)		   0.016		  -0.016		
 --------------------------------------------
 Total		   0.974		  -0.968


------------------------
 QTAIM Partitioning 
-------------------------
 Please perform a QTAIM analysis at the extended or full level
 (see Properties/QTAIM menu) if you neeed to calculate CDFT/QTAIM descriptors.


 References for atomic descriptors:
 ----------------------------------
 R.G. Parr, W.T. Yang, J. Am. Chem. Soc. 106, 4049 (1984)
 C. Morell, A. Grand, A. Toro-Labbe, J. Phys. Chem. A 109, 205 (2005)
 A. Toro-Labbe, P. Jaque, J.S. Murray and P. Politzer, Chem. Phys. Lett. 407, 143 (2005)
 J. Padmanabhan, R. Parthasarathi, M. Elango, V. Subramanian, B.S. Krishnamoorthy, S. Gutierrez-Oliva, A. Toro-Labbe, D.R. Roy, P.K. Chattaraj, J. Phys. Chem. A 111, 130 (2007)
 P.K. Chattaraj, B. Maiti, U. Sarkar, J. Phys. Chem. A 107, 4973 (2003)
 C. Morell, J.L. Gazquez, A. Vela, F. Guegan, H. Chermette, Phys. Chem. Chem. Phys. 16, 26832 (2014)

